disp_id,client_id,account_id,type
1,1,1,OWNER
9,9,7,OWNER
12,12,9,OWNER
17,17,13,OWNER
18,18,13,DISPONENT
20,20,15,OWNER
24,24,18,OWNER
26,26,20,OWNER
30,30,24,OWNER
32,32,26,OWNER
33,33,27,OWNER
39,39,31,OWNER
40,40,32,OWNER
42,42,34,OWNER
43,43,35,OWNER
53,53,45,OWNER
55,55,47,OWNER
56,56,48,OWNER
57,57,48,DISPONENT
63,63,54,OWNER
64,64,55,OWNER
68,68,59,OWNER
72,72,62,OWNER
76,76,65,OWNER
78,78,67,OWNER
83,83,71,OWNER
84,84,71,DISPONENT
87,87,73,OWNER
89,89,75,OWNER
92,92,78,OWNER
96,96,81,OWNER
101,101,85,OWNER
107,107,90,OWNER
114,114,96,OWNER
115,115,96,DISPONENT
122,122,101,OWNER
124,124,103,OWNER
125,125,104,OWNER
126,126,104,DISPONENT
129,129,107,OWNER
130,130,108,OWNER
132,132,110,OWNER
134,134,112,OWNER
135,135,112,DISPONENT
141,141,117,OWNER
142,142,118,OWNER
146,146,122,OWNER
154,154,129,OWNER
155,155,129,DISPONENT
157,157,131,OWNER
160,160,133,OWNER
169,169,141,OWNER
170,170,141,DISPONENT
173,173,143,OWNER
179,179,149,OWNER
186,186,154,OWNER
192,192,159,OWNER
193,193,160,OWNER
194,194,161,OWNER
195,195,162,OWNER
196,196,162,DISPONENT
201,201,166,OWNER
202,202,167,OWNER
216,216,177,OWNER
218,218,179,OWNER
221,221,181,OWNER
224,224,184,OWNER
225,225,185,OWNER
226,226,186,OWNER
228,228,188,OWNER
229,229,189,OWNER
230,230,190,OWNER
231,231,191,OWNER
235,235,194,OWNER
236,236,195,OWNER
237,237,195,DISPONENT
241,241,199,OWNER
246,246,204,OWNER
247,247,205,OWNER
250,250,207,OWNER
252,252,209,OWNER
255,255,212,OWNER
261,261,216,OWNER
263,263,218,OWNER
267,267,222,OWNER
269,269,224,OWNER
273,273,227,OWNER
276,276,230,OWNER
277,277,230,DISPONENT
278,278,231,OWNER
279,279,231,DISPONENT
282,282,234,OWNER
283,283,234,DISPONENT
284,284,235,OWNER
285,285,236,OWNER
286,286,236,DISPONENT
292,292,241,OWNER
294,294,243,OWNER
305,305,253,OWNER
308,308,255,OWNER
309,309,256,OWNER
315,315,261,OWNER
317,317,263,OWNER
322,322,267,OWNER
323,323,267,DISPONENT
324,324,268,OWNER
326,326,270,OWNER
327,327,270,DISPONENT
329,329,272,OWNER
330,330,273,OWNER
336,336,279,OWNER
337,337,279,DISPONENT
341,341,282,OWNER
342,342,282,DISPONENT
347,347,286,OWNER
348,348,286,DISPONENT
352,352,290,OWNER
358,358,294,OWNER
359,359,295,OWNER
364,364,299,OWNER
369,369,302,OWNER
370,370,303,OWNER
372,372,305,OWNER
373,373,306,OWNER
374,374,307,OWNER
376,376,309,OWNER
380,380,312,OWNER
381,381,313,OWNER
382,382,313,DISPONENT
383,383,314,OWNER
384,384,314,DISPONENT
385,385,315,OWNER
386,386,316,OWNER
392,392,322,OWNER
393,393,322,DISPONENT
397,397,325,OWNER
398,398,326,OWNER
405,405,331,OWNER
406,406,332,OWNER
409,409,335,OWNER
413,413,338,OWNER
414,414,339,OWNER
415,415,339,DISPONENT
418,418,341,OWNER
419,419,342,OWNER
422,422,345,OWNER
424,424,347,OWNER
425,425,348,OWNER
426,426,349,OWNER
427,427,349,DISPONENT
437,437,359,OWNER
441,441,363,OWNER
448,448,368,OWNER
451,451,371,OWNER
452,452,372,OWNER
454,454,374,OWNER
456,456,376,OWNER
458,458,378,OWNER
465,465,385,OWNER
466,466,386,OWNER
467,467,386,DISPONENT
468,468,387,OWNER
471,471,390,OWNER
478,478,396,OWNER
485,485,401,OWNER
492,492,407,OWNER
499,499,413,OWNER
503,503,417,OWNER
508,508,422,OWNER
515,515,428,OWNER
516,516,428,DISPONENT
518,518,430,OWNER
519,519,431,OWNER
522,522,434,OWNER
523,523,435,OWNER
524,524,436,OWNER
525,525,436,DISPONENT
528,528,438,OWNER
534,534,443,OWNER
537,537,446,OWNER
542,542,450,OWNER
543,543,451,OWNER
545,545,453,OWNER
546,546,454,OWNER
550,550,458,OWNER
552,552,460,OWNER
553,553,460,DISPONENT
554,554,461,OWNER
555,555,461,DISPONENT
558,558,464,OWNER
559,559,465,OWNER
561,561,467,OWNER
566,566,471,OWNER
567,567,471,DISPONENT
568,568,472,OWNER
570,570,474,OWNER
577,577,479,OWNER
582,582,484,OWNER
584,584,486,OWNER
587,587,488,OWNER
590,590,491,OWNER
593,593,494,OWNER
605,605,503,OWNER
606,606,504,OWNER
614,614,511,OWNER
618,618,515,OWNER
623,623,519,OWNER
624,624,519,DISPONENT
625,625,520,OWNER
627,627,522,OWNER
628,628,522,DISPONENT
629,629,523,OWNER
631,631,525,OWNER
632,632,526,OWNER
633,633,526,DISPONENT
639,639,531,OWNER
640,640,532,OWNER
643,643,534,OWNER
646,646,537,OWNER
647,647,537,DISPONENT
655,655,544,OWNER
666,666,553,OWNER
669,669,556,OWNER
671,671,558,OWNER
673,673,560,OWNER
677,677,564,OWNER
684,684,570,OWNER
690,690,575,OWNER
691,691,575,DISPONENT
692,692,576,OWNER
693,693,576,DISPONENT
694,694,577,OWNER
698,698,580,OWNER
699,699,581,OWNER
702,702,584,OWNER
706,706,588,OWNER
709,709,591,OWNER
712,712,594,OWNER
713,713,595,OWNER
719,719,600,OWNER
722,722,603,OWNER
724,724,605,OWNER
733,733,611,OWNER
734,734,611,DISPONENT
740,740,616,OWNER
745,745,621,OWNER
746,746,621,DISPONENT
748,748,623,OWNER
749,749,623,DISPONENT
751,751,625,OWNER
752,752,626,OWNER
753,753,626,DISPONENT
756,756,629,OWNER
758,758,631,OWNER
759,759,632,OWNER
769,769,641,OWNER
776,776,647,OWNER
777,777,647,DISPONENT
779,779,649,OWNER
780,780,650,OWNER
785,785,654,OWNER
786,786,655,OWNER
808,808,673,OWNER
812,812,676,OWNER
813,813,677,OWNER
818,818,682,OWNER
822,822,685,OWNER
826,826,689,OWNER
827,827,690,OWNER
828,828,690,DISPONENT
830,830,692,OWNER
831,831,693,OWNER
840,840,700,OWNER
843,843,703,OWNER
846,846,705,OWNER
854,854,712,OWNER
855,855,713,OWNER
858,858,716,OWNER
861,861,718,OWNER
862,862,719,OWNER
873,873,728,OWNER
874,874,729,OWNER
875,875,729,DISPONENT
877,877,731,OWNER
878,878,731,DISPONENT
891,891,743,OWNER
900,900,750,OWNER
906,906,756,OWNER
908,908,758,OWNER
909,909,759,OWNER
915,915,765,OWNER
917,917,767,OWNER
921,921,770,OWNER
924,924,772,OWNER
925,925,773,OWNER
927,927,775,OWNER
937,937,783,OWNER
939,939,785,OWNER
941,941,787,OWNER
946,946,790,OWNER
948,948,791,OWNER
952,952,794,OWNER
956,956,798,OWNER
959,959,800,OWNER
962,962,803,OWNER
978,978,815,OWNER
979,979,815,DISPONENT
990,990,823,OWNER
992,992,825,OWNER
994,994,827,OWNER
995,995,827,DISPONENT
999,999,830,OWNER
1000,1000,830,DISPONENT
1004,1004,834,OWNER
1011,1011,839,OWNER
1014,1014,841,OWNER
1015,1015,842,OWNER
1016,1016,842,DISPONENT
1017,1017,843,OWNER
1018,1018,844,OWNER
1020,1020,846,OWNER
1022,1022,848,OWNER
1024,1024,850,OWNER
1025,1025,851,OWNER
1026,1026,852,OWNER
1027,1027,853,OWNER
1028,1028,853,DISPONENT
1032,1032,857,OWNER
1033,1033,857,DISPONENT
1034,1034,858,OWNER
1035,1035,859,OWNER
1036,1036,859,DISPONENT
1048,1048,870,OWNER
1050,1050,872,OWNER
1052,1052,874,OWNER
1053,1053,874,DISPONENT
1055,1055,876,OWNER
1058,1058,879,OWNER
1059,1059,880,OWNER
1060,1060,880,DISPONENT
1065,1065,884,OWNER
1066,1066,885,OWNER
1081,1081,898,OWNER
1082,1082,899,OWNER
1089,1089,904,OWNER
1091,1091,906,OWNER
1092,1092,907,OWNER
1093,1093,908,OWNER
1098,1098,911,OWNER
1100,1100,913,OWNER
1108,1108,919,OWNER
1110,1110,921,OWNER
1112,1112,923,OWNER
1120,1120,930,OWNER
1121,1121,931,OWNER
1127,1127,935,OWNER
1130,1130,938,OWNER
1131,1131,939,OWNER
1132,1132,939,DISPONENT
1133,1133,940,OWNER
1134,1134,940,DISPONENT
1140,1140,945,OWNER
1146,1146,950,OWNER
1147,1147,951,OWNER
1149,1149,953,OWNER
1150,1150,954,OWNER
1151,1151,955,OWNER
1154,1154,958,OWNER
1155,1155,958,DISPONENT
1175,1175,975,OWNER
1176,1176,975,DISPONENT
1181,1181,980,OWNER
1192,1192,988,OWNER
1193,1193,989,OWNER
1196,1196,992,OWNER
1197,1197,993,OWNER
1200,1200,996,OWNER
1208,1208,1004,OWNER
1210,1210,1006,OWNER
1214,1214,1010,OWNER
1219,1219,1015,OWNER
1226,1226,1022,OWNER
1227,1227,1022,DISPONENT
1229,1229,1024,OWNER
1231,1231,1026,OWNER
1232,1232,1026,DISPONENT
1244,1244,1037,OWNER
1250,1250,1042,OWNER
1253,1253,1044,OWNER
1256,1256,1047,OWNER
1259,1259,1049,OWNER
1262,1262,1051,OWNER
1263,1263,1051,DISPONENT
1266,1266,1054,OWNER
1271,1271,1058,OWNER
1278,1278,1065,OWNER
1279,1279,1066,OWNER
1282,1282,1068,OWNER
1285,1285,1070,OWNER
1287,1287,1072,OWNER
1288,1288,1073,OWNER
1290,1290,1075,OWNER
1292,1292,1077,OWNER
1296,1296,1080,OWNER
1299,1299,1082,OWNER
1305,1305,1087,OWNER
1308,1308,1090,OWNER
1309,1309,1091,OWNER
1311,1311,1093,OWNER
1315,1315,1096,OWNER
1322,1322,1101,OWNER
1323,1323,1102,OWNER
1326,1326,1105,OWNER
1327,1327,1106,OWNER
1328,1328,1107,OWNER
1332,1332,1111,OWNER
1335,1335,1114,OWNER
1336,1336,1114,DISPONENT
1341,1341,1118,OWNER
1346,1346,1122,OWNER
1349,1349,1124,OWNER
1350,1350,1125,OWNER
1351,1351,1125,DISPONENT
1352,1352,1126,OWNER
1366,1366,1136,OWNER
1371,1371,1140,OWNER
1373,1373,1142,OWNER
1380,1380,1147,OWNER
1383,1383,1150,OWNER
1390,1390,1156,OWNER
1391,1391,1157,OWNER
1392,1392,1158,OWNER
1393,1393,1158,DISPONENT
1396,1396,1160,OWNER
1401,1401,1164,OWNER
1404,1404,1166,OWNER
1409,1409,1170,OWNER
1410,1410,1171,OWNER
1411,1411,1171,DISPONENT
1412,1412,1172,OWNER
1413,1413,1173,OWNER
1414,1414,1174,OWNER
1417,1417,1177,OWNER
1422,1422,1181,OWNER
1423,1423,1181,DISPONENT
1427,1427,1184,OWNER
1430,1430,1186,OWNER
1431,1431,1187,OWNER
1432,1432,1188,OWNER
1445,1445,1197,OWNER
1452,1452,1203,OWNER
1456,1456,1206,OWNER
1457,1457,1206,DISPONENT
1460,1460,1209,OWNER
1469,1469,1217,OWNER
1470,1470,1218,OWNER
1471,1471,1218,DISPONENT
1472,1472,1219,OWNER
1474,1474,1221,OWNER
1475,1475,1222,OWNER
1476,1476,1223,OWNER
1478,1478,1225,OWNER
1485,1485,1231,OWNER
1486,1486,1231,DISPONENT
1489,1489,1234,OWNER
1490,1490,1235,OWNER
1491,1491,1236,OWNER
1492,1492,1237,OWNER
1495,1495,1239,OWNER
1497,1497,1241,OWNER
1498,1498,1241,DISPONENT
1499,1499,1242,OWNER
1501,1501,1244,OWNER
1505,1505,1247,OWNER
1506,1506,1248,OWNER
1507,1507,1248,DISPONENT
1508,1508,1249,OWNER
1509,1509,1250,OWNER
1512,1512,1253,OWNER
1517,1517,1257,OWNER
1522,1522,1261,OWNER
1527,1527,1265,OWNER
1530,1530,1268,OWNER
1534,1534,1271,OWNER
1536,1536,1273,OWNER
1537,1537,1274,OWNER
1542,1542,1277,OWNER
1543,1543,1277,DISPONENT
1554,1554,1284,OWNER
1555,1555,1285,OWNER
1556,1556,1286,OWNER
1559,1559,1289,OWNER
1563,1563,1292,OWNER
1564,1564,1293,OWNER
1567,1567,1296,OWNER
1568,1568,1296,DISPONENT
1574,1574,1301,OWNER
1575,1575,1302,OWNER
1576,1576,1302,DISPONENT
1577,1577,1303,OWNER
1582,1582,1308,OWNER
1595,1595,1319,OWNER
1597,1597,1321,OWNER
1599,1599,1323,OWNER
1600,1600,1323,DISPONENT
1601,1601,1324,OWNER
1602,1602,1324,DISPONENT
1605,1605,1326,OWNER
1606,1606,1327,OWNER
1608,1608,1329,OWNER
1609,1609,1329,DISPONENT
1610,1610,1330,OWNER
1615,1615,1334,OWNER
1617,1617,1336,OWNER
1619,1619,1338,OWNER
1620,1620,1338,DISPONENT
1629,1629,1345,OWNER
1630,1630,1345,DISPONENT
1633,1633,1348,OWNER
1634,1634,1348,DISPONENT
1642,1642,1355,OWNER
1643,1643,1356,OWNER
1646,1646,1359,OWNER
1647,1647,1360,OWNER
1650,1650,1362,OWNER
1654,1654,1366,OWNER
1655,1655,1367,OWNER
1658,1658,1370,OWNER
1666,1666,1377,OWNER
1667,1667,1377,DISPONENT
1671,1671,1381,OWNER
1672,1672,1381,DISPONENT
1674,1674,1383,OWNER
1682,1682,1390,OWNER
1683,1683,1391,OWNER
1684,1684,1391,DISPONENT
1685,1685,1392,OWNER
1693,1693,1399,OWNER
1694,1694,1399,DISPONENT
1700,1700,1404,OWNER
1701,1701,1404,DISPONENT
1707,1707,1408,OWNER
1710,1710,1411,OWNER
1717,1717,1416,OWNER
1718,1718,1417,OWNER
1724,1724,1422,OWNER
1725,1725,1423,OWNER
1726,1726,1423,DISPONENT
1733,1733,1429,OWNER
1741,1741,1434,OWNER
1742,1742,1435,OWNER
1743,1743,1436,OWNER
1748,1748,1440,OWNER
1752,1752,1444,OWNER
1756,1756,1448,OWNER
1757,1757,1448,DISPONENT
1758,1758,1449,OWNER
1761,1761,1452,OWNER
1779,1779,1467,OWNER
1780,1780,1468,OWNER
1781,1781,1469,OWNER
1785,1785,1473,OWNER
1786,1786,1474,OWNER
1787,1787,1474,DISPONENT
1791,1791,1478,OWNER
1795,1795,1482,OWNER
1796,1796,1483,OWNER
1797,1797,1483,DISPONENT
1801,1801,1487,OWNER
1802,1802,1487,DISPONENT
1803,1803,1488,OWNER
1806,1806,1490,OWNER
1811,1811,1494,OWNER
1814,1814,1496,OWNER
1816,1816,1498,OWNER
1820,1820,1501,OWNER
1822,1822,1503,OWNER
1823,1823,1504,OWNER
1825,1825,1506,OWNER
1829,1829,1509,OWNER
1831,1831,1511,OWNER
1833,1833,1513,OWNER
1834,1834,1514,OWNER
1835,1835,1514,DISPONENT
1836,1836,1515,OWNER
1844,1844,1521,OWNER
1845,1845,1521,DISPONENT
1849,1849,1525,OWNER
1852,1852,1528,OWNER
1856,1856,1532,OWNER
1857,1857,1532,DISPONENT
1860,1860,1534,OWNER
1861,1861,1535,OWNER
1867,1867,1540,OWNER
1875,1875,1546,OWNER
1876,1876,1547,OWNER
1884,1884,1553,OWNER
1886,1886,1555,OWNER
1889,1889,1558,OWNER
1890,1890,1559,OWNER
1892,1892,1561,OWNER
1893,1893,1561,DISPONENT
1894,1894,1562,OWNER
1896,1896,1564,OWNER
1898,1898,1566,OWNER
1899,1899,1567,OWNER
1903,1903,1570,OWNER
1904,1904,1571,OWNER
1910,1910,1577,OWNER
1911,1911,1578,OWNER
1914,1914,1581,OWNER
1915,1915,1581,DISPONENT
1916,1916,1582,OWNER
1917,1917,1583,OWNER
1919,1919,1584,OWNER
1920,1920,1585,OWNER
1923,1923,1587,OWNER
1927,1927,1590,OWNER
1928,1928,1590,DISPONENT
1930,1930,1592,OWNER
1931,1931,1593,OWNER
1934,1934,1596,OWNER
1944,1944,1603,OWNER
1956,1956,1613,OWNER
1957,1957,1614,OWNER
1958,1958,1614,DISPONENT
1959,1959,1615,OWNER
1961,1961,1617,OWNER
1964,1964,1620,OWNER
1971,1971,1626,OWNER
1977,1977,1631,OWNER
1978,1978,1632,OWNER
1979,1979,1633,OWNER
1981,1981,1635,OWNER
1988,1988,1640,OWNER
1996,1996,1646,OWNER
1997,1997,1647,OWNER
1998,1998,1648,OWNER
2002,2002,1652,OWNER
2003,2003,1652,DISPONENT
2006,2006,1655,OWNER
2007,2007,1655,DISPONENT
2015,2015,1662,OWNER
2018,2018,1664,OWNER
2022,2022,1667,OWNER
2023,2023,1667,DISPONENT
2027,2027,1670,OWNER
2028,2028,1670,DISPONENT
2031,2031,1673,OWNER
2032,2032,1674,OWNER
2033,2033,1674,DISPONENT
2038,2038,1678,OWNER
2040,2040,1680,OWNER
2043,2043,1683,OWNER
2048,2048,1687,OWNER
2054,2054,1691,OWNER
2057,2057,1694,OWNER
2058,2058,1695,OWNER
2059,2059,1696,OWNER
2060,2060,1696,DISPONENT
2061,2061,1697,OWNER
2062,2062,1697,DISPONENT
2064,2064,1699,OWNER
2065,2065,1700,OWNER
2066,2066,1701,OWNER
2068,2068,1703,OWNER
2070,2070,1705,OWNER
2073,2073,1708,OWNER
2076,2076,1711,OWNER
2077,2077,1712,OWNER
2082,2082,1717,OWNER
2084,2084,1719,OWNER
2085,2085,1719,DISPONENT
2096,2096,1728,OWNER
2097,2097,1729,OWNER
2098,2098,1729,DISPONENT
2102,2102,1732,OWNER
2105,2105,1735,OWNER
2108,2108,1737,OWNER
2113,2113,1742,OWNER
2119,2119,1747,OWNER
2123,2123,1751,OWNER
2124,2124,1752,OWNER
2129,2129,1757,OWNER
2131,2131,1759,OWNER
2132,2132,1759,DISPONENT
2136,2136,1762,OWNER
2147,2147,1771,OWNER
2155,2155,1778,OWNER
2158,2158,1781,OWNER
2161,2161,1784,OWNER
2162,2162,1784,DISPONENT
2163,2163,1785,OWNER
2168,2168,1789,OWNER
2169,2169,1789,DISPONENT
2170,2170,1790,OWNER
2172,2172,1792,OWNER
2185,2185,1804,OWNER
2186,2186,1805,OWNER
2189,2189,1807,OWNER
2190,2190,1808,OWNER
2191,2191,1808,DISPONENT
2194,2194,1810,OWNER
2197,2197,1813,OWNER
2200,2200,1815,OWNER
2201,2201,1816,OWNER
2202,2202,1816,DISPONENT
2203,2203,1817,OWNER
2205,2205,1819,OWNER
2213,2213,1825,OWNER
2214,2214,1826,OWNER
2215,2215,1827,OWNER
2216,2216,1828,OWNER
2217,2217,1828,DISPONENT
2222,2222,1831,OWNER
2223,2223,1832,OWNER
2224,2224,1833,OWNER
2225,2225,1834,OWNER
2227,2227,1836,OWNER
2230,2230,1839,OWNER
2242,2242,1848,OWNER
2243,2243,1848,DISPONENT
2252,2252,1857,OWNER
2253,2253,1857,DISPONENT
2255,2255,1859,OWNER
2256,2256,1860,OWNER
2260,2260,1863,OWNER
2261,2261,1863,DISPONENT
2266,2266,1868,OWNER
2268,2268,1870,OWNER
2269,2269,1871,OWNER
2274,2274,1874,OWNER
2275,2275,1874,DISPONENT
2276,2276,1875,OWNER
2277,2277,1876,OWNER
2279,2279,1878,OWNER
2280,2280,1879,OWNER
2281,2281,1880,OWNER
2297,2297,1893,OWNER
2298,2298,1893,DISPONENT
2302,2302,1896,OWNER
2308,2308,1900,OWNER
2314,2314,1905,OWNER
2315,2315,1905,DISPONENT
2316,2316,1906,OWNER
2321,2321,1911,OWNER
2325,2325,1915,OWNER
2332,2332,1922,OWNER
2333,2333,1922,DISPONENT
2336,2336,1925,OWNER
2337,2337,1925,DISPONENT
2338,2338,1926,OWNER
2339,2339,1926,DISPONENT
2340,2340,1927,OWNER
2341,2341,1927,DISPONENT
2343,2343,1929,OWNER
2348,2348,1933,OWNER
2354,2354,1938,OWNER
2356,2356,1940,OWNER
2357,2357,1940,DISPONENT
2363,2363,1944,OWNER
2375,2375,1954,OWNER
2376,2376,1954,DISPONENT
2377,2377,1955,OWNER
2378,2378,1956,OWNER
2379,2379,1957,OWNER
2382,2382,1959,OWNER
2387,2387,1962,OWNER
2391,2391,1966,OWNER
2392,2392,1967,OWNER
2393,2393,1968,OWNER
2394,2394,1969,OWNER
2396,2396,1971,OWNER
2397,2397,1972,OWNER
2398,2398,1973,OWNER
2406,2406,1980,OWNER
2413,2413,1986,OWNER
2414,2414,1987,OWNER
2415,2415,1987,DISPONENT
2420,2420,1992,OWNER
2421,2421,1992,DISPONENT
2426,2426,1997,OWNER
2427,2427,1997,DISPONENT
2429,2429,1999,OWNER
2430,2430,2000,OWNER
2434,2434,2004,OWNER
2441,2441,2010,OWNER
2442,2442,2010,DISPONENT
2445,2445,2013,OWNER
2450,2450,2017,OWNER
2453,2453,2020,OWNER
2455,2455,2022,OWNER
2456,2456,2022,DISPONENT
2460,2460,2025,OWNER
2468,2468,2033,OWNER
2470,2470,2035,OWNER
2471,2471,2035,DISPONENT
2474,2474,2038,OWNER
2479,2479,2042,OWNER
2487,2487,2049,OWNER
2497,2497,2058,OWNER
2498,2498,2059,OWNER
2500,2500,2061,OWNER
2502,2502,2063,OWNER
2503,2503,2064,OWNER
2508,2508,2069,OWNER
2509,2509,2069,DISPONENT
2510,2510,2070,OWNER
2516,2516,2075,OWNER
2522,2522,2080,OWNER
2523,2523,2080,DISPONENT
2528,2528,2085,OWNER
2531,2531,2088,OWNER
2547,2547,2103,OWNER
2548,2548,2104,OWNER
2554,2554,2110,OWNER
2558,2558,2114,OWNER
2559,2559,2115,OWNER
2561,2561,2117,OWNER
2562,2562,2118,OWNER
2566,2566,2122,OWNER
2571,2571,2125,OWNER
2574,2574,2128,OWNER
2578,2578,2132,OWNER
2582,2582,2135,OWNER
2592,2592,2143,OWNER
2593,2593,2143,DISPONENT
2597,2597,2147,OWNER
2598,2598,2147,DISPONENT
2608,2608,2155,OWNER
2615,2615,2161,OWNER
2621,2621,2165,OWNER
2625,2625,2169,OWNER
2642,2642,2182,OWNER
2643,2643,2183,OWNER
2645,2645,2185,OWNER
2650,2650,2189,OWNER
2651,2651,2189,DISPONENT
2653,2653,2191,OWNER
2654,2654,2192,OWNER
2656,2656,2194,OWNER
2658,2658,2196,OWNER
2659,2659,2197,OWNER
2661,2661,2199,OWNER
2666,2666,2203,OWNER
2669,2669,2205,OWNER
2670,2670,2206,OWNER
2671,2671,2207,OWNER
2673,2673,2209,OWNER
2674,2674,2209,DISPONENT
2676,2676,2211,OWNER
2683,2683,2215,OWNER
2692,2692,2223,OWNER
2694,2694,2225,OWNER
2695,2695,2225,DISPONENT
2703,2703,2231,OWNER
2704,2704,2232,OWNER
2707,2707,2235,OWNER
2717,2717,2244,OWNER
2718,2718,2244,DISPONENT
2733,2733,2258,OWNER
2734,2734,2258,DISPONENT
2736,2736,2260,OWNER
2743,2743,2266,OWNER
2744,2744,2266,DISPONENT
2745,2745,2267,OWNER
2747,2747,2269,OWNER
2748,2748,2269,DISPONENT
2751,2751,2271,OWNER
2758,2758,2278,OWNER
2761,2761,2281,OWNER
2771,2771,2290,OWNER
2772,2772,2290,DISPONENT
2776,2776,2293,OWNER
2777,2777,2294,OWNER
2778,2778,2295,OWNER
2782,2782,2298,OWNER
2783,2783,2299,OWNER
2784,2784,2300,OWNER
2785,2785,2301,OWNER
2786,2786,2302,OWNER
2789,2789,2305,OWNER
2791,2791,2307,OWNER
2797,2797,2311,OWNER
2800,2800,2314,OWNER
2812,2812,2325,OWNER
2813,2813,2326,OWNER
2815,2815,2328,OWNER
2816,2816,2328,DISPONENT
2821,2821,2333,OWNER
2822,2822,2334,OWNER
2827,2827,2339,OWNER
2829,2829,2341,OWNER
2831,2831,2343,OWNER
2832,2832,2344,OWNER
2833,2833,2344,DISPONENT
2834,2834,2345,OWNER
2835,2835,2346,OWNER
2836,2836,2347,OWNER
2837,2837,2347,DISPONENT
2842,2842,2351,OWNER
2845,2845,2354,OWNER
2847,2847,2356,OWNER
2848,2848,2356,DISPONENT
2852,2852,2360,OWNER
2858,2858,2365,OWNER
2862,2862,2369,OWNER
2863,2863,2369,DISPONENT
2865,2865,2371,OWNER
2866,2866,2371,DISPONENT
2868,2868,2373,OWNER
2873,2873,2378,OWNER
2880,2880,2385,OWNER
2883,2883,2388,OWNER
2889,2889,2393,OWNER
2892,2892,2395,OWNER
2897,2897,2400,OWNER
2898,2898,2400,DISPONENT
2902,2902,2404,OWNER
2903,2903,2404,DISPONENT
2906,2906,2406,OWNER
2907,2907,2406,DISPONENT
2913,2913,2411,OWNER
2922,2922,2419,OWNER
2924,2924,2421,OWNER
2925,2925,2421,DISPONENT
2926,2926,2422,OWNER
2927,2927,2422,DISPONENT
2928,2928,2423,OWNER
2929,2929,2424,OWNER
2933,2933,2428,OWNER
2934,2934,2428,DISPONENT
2936,2936,2430,OWNER
2937,2937,2431,OWNER
2940,2940,2434,OWNER
2945,2945,2439,OWNER
2946,2946,2439,DISPONENT
2947,2947,2440,OWNER
2948,2948,2441,OWNER
2949,2949,2442,OWNER
2951,2951,2444,OWNER
2957,2957,2449,OWNER
2968,2968,2458,OWNER
2971,2971,2460,OWNER
2975,2975,2464,OWNER
2978,2978,2467,OWNER
2979,2979,2468,OWNER
2980,2980,2469,OWNER
2981,2981,2470,OWNER
2986,2986,2473,OWNER
2987,2987,2473,DISPONENT
2990,2990,2476,OWNER
2991,2991,2476,DISPONENT
2995,2995,2480,OWNER
2997,2997,2482,OWNER
2999,2999,2484,OWNER
3002,3002,2487,OWNER
3005,3005,2489,OWNER
3006,3006,2490,OWNER
3009,3009,2493,OWNER
3010,3010,2493,DISPONENT
3015,3015,2497,OWNER
3018,3018,2500,OWNER
3019,3019,2501,OWNER
3030,3030,2510,OWNER
3036,3036,2514,OWNER
3038,3038,2516,OWNER
3046,3046,2524,OWNER
3054,3054,2530,OWNER
3055,3055,2531,OWNER
3058,3058,2533,OWNER
3060,3060,2535,OWNER
3061,3061,2535,DISPONENT
3065,3065,2539,OWNER
3066,3066,2540,OWNER
3067,3067,2541,OWNER
3068,3068,2541,DISPONENT
3069,3069,2542,OWNER
3070,3070,2543,OWNER
3074,3074,2546,OWNER
3080,3080,2551,OWNER
3081,3081,2551,DISPONENT
3082,3082,2552,OWNER
3085,3085,2555,OWNER
3086,3086,2555,DISPONENT
3089,3089,2558,OWNER
3093,3093,2562,OWNER
3098,3098,2567,OWNER
3099,3099,2568,OWNER
3103,3103,2572,OWNER
3109,3109,2577,OWNER
3112,3112,2579,OWNER
3119,3119,2584,OWNER
3121,3121,2586,OWNER
3122,3122,2586,DISPONENT
3124,3124,2588,OWNER
3126,3126,2590,OWNER
3127,3127,2591,OWNER
3130,3130,2594,OWNER
3133,3133,2597,OWNER
3136,3136,2600,OWNER
3139,3139,2602,OWNER
3140,3140,2602,DISPONENT
3142,3142,2604,OWNER
3148,3148,2609,OWNER
3149,3149,2609,DISPONENT
3150,3150,2610,OWNER
3152,3152,2612,OWNER
3153,3153,2613,OWNER
3154,3154,2613,DISPONENT
3155,3155,2614,OWNER
3160,3160,2619,OWNER
3161,3161,2620,OWNER
3162,3162,2621,OWNER
3166,3166,2624,OWNER
3170,3170,2627,OWNER
3171,3171,2627,DISPONENT
3172,3172,2628,OWNER
3177,3177,2632,OWNER
3185,3185,2639,OWNER
3188,3188,2642,OWNER
3191,3191,2645,OWNER
3201,3201,2653,OWNER
3202,3202,2654,OWNER
3205,3205,2656,OWNER
3206,3206,2656,DISPONENT
3208,3208,2658,OWNER
3209,3209,2658,DISPONENT
3211,3211,2660,OWNER
3214,3214,2662,OWNER
3222,3222,2668,OWNER
3226,3226,2671,OWNER
3227,3227,2672,OWNER
3234,3234,2679,OWNER
3236,3236,2681,OWNER
3240,3240,2685,OWNER
3248,3248,2692,OWNER
3255,3255,2697,OWNER
3256,3256,2698,OWNER
3258,3258,2700,OWNER
3262,3262,2703,OWNER
3267,3267,2707,OWNER
3268,3268,2708,OWNER
3269,3269,2709,OWNER
3271,3271,2711,OWNER
3277,3277,2715,OWNER
3278,3278,2715,DISPONENT
3279,3279,2716,OWNER
3280,3280,2716,DISPONENT
3282,3282,2718,OWNER
3286,3286,2721,OWNER
3287,3287,2721,DISPONENT
3290,3290,2724,OWNER
3292,3292,2726,OWNER
3294,3294,2728,OWNER
3305,3305,2738,OWNER
3311,3311,2743,OWNER
3316,3316,2747,OWNER
3317,3317,2747,DISPONENT
3319,3319,2749,OWNER
3320,3320,2749,DISPONENT
3324,3324,2753,OWNER
3325,3325,2753,DISPONENT
3326,3326,2754,OWNER
3334,3334,2761,OWNER
3335,3335,2762,OWNER
3337,3337,2764,OWNER
3338,3338,2765,OWNER
3340,3340,2767,OWNER
3341,3341,2767,DISPONENT
3348,3348,2773,OWNER
3349,3349,2774,OWNER
3350,3350,2775,OWNER
3351,3351,2775,DISPONENT
3355,3355,2778,OWNER
3359,3359,2782,OWNER
3361,3361,2784,OWNER
3366,3366,2788,OWNER
3367,3367,2788,DISPONENT
3368,3368,2789,OWNER
3370,3370,2791,OWNER
3371,3371,2791,DISPONENT
3372,3372,2792,OWNER
3373,3373,2793,OWNER
3374,3374,2793,DISPONENT
3378,3378,2796,OWNER
3379,3379,2796,DISPONENT
3384,3384,2800,OWNER
3385,3385,2801,OWNER
3387,3387,2803,OWNER
3389,3389,2805,OWNER
3393,3393,2809,OWNER
3394,3394,2810,OWNER
3397,3397,2813,OWNER
3398,3398,2813,DISPONENT
3399,3399,2814,OWNER
3402,3402,2816,OWNER
3403,3403,2816,DISPONENT
3405,3405,2818,OWNER
3406,3406,2818,DISPONENT
3410,3410,2821,OWNER
3422,3422,2831,OWNER
3425,3425,2834,OWNER
3427,3427,2836,OWNER
3428,3428,2836,DISPONENT
3429,3429,2837,OWNER
3432,3432,2840,OWNER
3435,3435,2842,OWNER
3440,3440,2846,OWNER
3441,3441,2847,OWNER
3450,3450,2856,OWNER
3451,3451,2857,OWNER
3452,3452,2857,DISPONENT
3457,3457,2861,OWNER
3458,3458,2862,OWNER
3459,3459,2863,OWNER
3460,3460,2863,DISPONENT
3464,3464,2866,OWNER
3465,3465,2867,OWNER
3466,3466,2868,OWNER
3467,3467,2868,DISPONENT
3468,3468,2869,OWNER
3472,3472,2873,OWNER
3473,3473,2873,DISPONENT
3483,3483,2881,OWNER
3484,3484,2882,OWNER
3486,3486,2884,OWNER
3492,3492,2889,OWNER
3493,3493,2890,OWNER
3494,3494,2891,OWNER
3495,3495,2892,OWNER
3496,3496,2892,DISPONENT
3498,3498,2894,OWNER
3500,3500,2896,OWNER
3504,3504,2899,OWNER
3505,3505,2900,OWNER
3510,3510,2904,OWNER
3518,3518,2911,OWNER
3519,3519,2912,OWNER
3520,3520,2913,OWNER
3523,3523,2916,OWNER
3524,3524,2917,OWNER
3533,3533,2925,OWNER
3536,3536,2928,OWNER
3538,3538,2930,OWNER
3542,3542,2933,OWNER
3543,3543,2933,DISPONENT
3545,3545,2935,OWNER
3554,3554,2944,OWNER
3555,3555,2944,DISPONENT
3565,3565,2951,OWNER
3567,3567,2953,OWNER
3568,3568,2954,OWNER
3571,3571,2957,OWNER
3573,3573,2959,OWNER
3575,3575,2961,OWNER
3582,3582,2967,OWNER
3585,3585,2969,OWNER
3590,3590,2973,OWNER
3591,3591,2974,OWNER
3592,3592,2974,DISPONENT
3597,3597,2979,OWNER
3598,3598,2980,OWNER
3599,3599,2980,DISPONENT
3600,3600,2981,OWNER
3610,3610,2989,OWNER
3611,3611,2990,OWNER
3616,3616,2994,OWNER
3618,3618,2996,OWNER
3624,3624,3001,OWNER
3627,3627,3003,OWNER
3628,3628,3004,OWNER
3636,3636,3010,OWNER
3638,3638,3012,OWNER
3650,3650,3022,OWNER
3652,3652,3024,OWNER
3653,3653,3024,DISPONENT
3656,3656,3027,OWNER
3657,3657,3027,DISPONENT
3658,3658,3028,OWNER
3659,3659,3029,OWNER
3661,3661,3031,OWNER
3663,3663,3033,OWNER
3664,3664,3033,DISPONENT
3670,3670,3037,OWNER
3675,3675,3041,OWNER
3676,3676,3042,OWNER
3677,3677,3042,DISPONENT
3681,3681,3045,OWNER
3682,3682,3045,DISPONENT
3687,3687,3050,OWNER
3688,3688,3050,DISPONENT
3689,3689,3051,OWNER
3695,3695,3056,OWNER
3696,3696,3056,DISPONENT
3708,3708,3067,OWNER
3709,3709,3067,DISPONENT
3710,3710,3068,OWNER
3714,3714,3072,OWNER
3719,3719,3076,OWNER
3720,3720,3076,DISPONENT
3721,3721,3077,OWNER
3724,3724,3080,OWNER
3735,3735,3088,OWNER
3736,3736,3088,DISPONENT
3740,3740,3092,OWNER
3745,3745,3096,OWNER
3750,3750,3101,OWNER
3751,3751,3102,OWNER
3752,3752,3102,DISPONENT
3757,3757,3107,OWNER
3758,3758,3108,OWNER
3759,3759,3108,DISPONENT
3761,3761,3110,OWNER
3767,3767,3115,OWNER
3768,3768,3115,DISPONENT
3769,3769,3116,OWNER
3775,3775,3121,OWNER
3783,3783,3128,OWNER
3784,3784,3128,DISPONENT
3787,3787,3131,OWNER
3789,3789,3133,OWNER
3790,3790,3134,OWNER
3794,3794,3138,OWNER
3800,3800,3143,OWNER
3801,3801,3143,DISPONENT
3805,3805,3146,OWNER
3811,3811,3151,OWNER
3812,3812,3152,OWNER
3813,3813,3153,OWNER
3815,3815,3155,OWNER
3816,3816,3156,OWNER
3824,3824,3163,OWNER
3825,3825,3163,DISPONENT
3826,3826,3164,OWNER
3827,3827,3164,DISPONENT
3833,3833,3169,OWNER
3836,3836,3172,OWNER
3842,3842,3177,OWNER
3847,3847,3182,OWNER
3848,3848,3183,OWNER
3857,3857,3191,OWNER
3862,3862,3195,OWNER
3863,3863,3196,OWNER
3864,3864,3196,DISPONENT
3870,3870,3201,OWNER
3871,3871,3201,DISPONENT
3880,3880,3208,OWNER
3892,3892,3218,OWNER
3899,3899,3224,OWNER
3900,3900,3225,OWNER
3901,3901,3225,DISPONENT
3902,3902,3226,OWNER
3916,3916,3238,OWNER
3917,3917,3238,DISPONENT
3920,3920,3241,OWNER
3925,3925,3245,OWNER
3929,3929,3249,OWNER
3932,3932,3251,OWNER
3933,3933,3251,DISPONENT
3943,3943,3259,OWNER
3948,3948,3263,OWNER
3949,3949,3263,DISPONENT
3963,3963,3274,OWNER
3965,3965,3276,OWNER
3966,3966,3276,DISPONENT
3978,3978,3287,OWNER
3980,3980,3289,OWNER
3981,3981,3290,OWNER
3983,3983,3292,OWNER
3987,3987,3296,OWNER
3988,3988,3297,OWNER
3989,3989,3297,DISPONENT
3991,3991,3299,OWNER
3992,3992,3300,OWNER
3993,3993,3301,OWNER
3996,3996,3304,OWNER
4006,4006,3314,OWNER
4009,4009,3316,OWNER
4011,4011,3318,OWNER
4015,4015,3322,OWNER
4018,4018,3324,OWNER
4020,4020,3326,OWNER
4021,4021,3327,OWNER
4027,4027,3331,OWNER
4028,4028,3331,DISPONENT
4029,4029,3332,OWNER
4032,4032,3335,OWNER
4033,4033,3336,OWNER
4034,4034,3337,OWNER
4035,4035,3337,DISPONENT
4042,4042,3343,OWNER
4043,4043,3344,OWNER
4044,4044,3345,OWNER
4046,4046,3346,OWNER
4047,4047,3346,DISPONENT
4048,4048,3347,OWNER
4051,4051,3350,OWNER
4052,4052,3350,DISPONENT
4061,4061,3359,OWNER
4063,4063,3361,OWNER
4064,4064,3361,DISPONENT
4065,4065,3362,OWNER
4069,4069,3366,OWNER
4070,4070,3366,DISPONENT
4079,4079,3373,OWNER
4081,4081,3375,OWNER
4082,4082,3376,OWNER
4083,4083,3377,OWNER
4087,4087,3380,OWNER
4094,4094,3386,OWNER
4095,4095,3387,OWNER
4096,4096,3387,DISPONENT
4106,4106,3396,OWNER
4116,4116,3405,OWNER
4124,4124,3411,OWNER
4129,4129,3415,OWNER
4131,4131,3417,OWNER
4132,4132,3418,OWNER
4133,4133,3418,DISPONENT
4136,4136,3421,OWNER
4139,4139,3424,OWNER
4142,4142,3427,OWNER
4143,4143,3428,OWNER
4144,4144,3428,DISPONENT
4146,4146,3430,OWNER
4147,4147,3431,OWNER
4148,4148,3431,DISPONENT
4155,4155,3435,OWNER
4161,4161,3440,OWNER
4163,4163,3442,OWNER
4166,4166,3445,OWNER
4169,4169,3448,OWNER
4170,4170,3448,DISPONENT
4171,4171,3449,OWNER
4177,4177,3455,OWNER
4180,4180,3458,OWNER
4186,4186,3463,OWNER
4196,4196,3472,OWNER
4220,4220,3492,OWNER
4223,4223,3495,OWNER
4234,4234,3506,OWNER
4240,4240,3512,OWNER
4244,4244,3515,OWNER
4245,4245,3515,DISPONENT
4247,4247,3517,OWNER
4249,4249,3519,OWNER
4255,4255,3524,OWNER
4267,4267,3536,OWNER
4268,4268,3536,DISPONENT
4270,4270,3538,OWNER
4271,4271,3538,DISPONENT
4272,4272,3539,OWNER
4273,4273,3540,OWNER
4275,4275,3542,OWNER
4279,4279,3545,OWNER
4280,4280,3546,OWNER
4296,4296,3560,OWNER
4297,4297,3560,DISPONENT
4303,4303,3566,OWNER
4304,4304,3567,OWNER
4312,4312,3574,OWNER
4316,4316,3578,OWNER
4320,4320,3581,OWNER
4321,4321,3582,OWNER
4322,4322,3582,DISPONENT
4325,4325,3584,OWNER
4326,4326,3585,OWNER
4327,4327,3585,DISPONENT
4328,4328,3586,OWNER
4329,4329,3587,OWNER
4336,4336,3593,OWNER
4343,4343,3600,OWNER
4346,4346,3603,OWNER
4348,4348,3605,OWNER
4352,4352,3608,OWNER
4355,4355,3610,OWNER
4358,4358,3612,OWNER
4359,4359,3613,OWNER
4360,4360,3614,OWNER
4367,4367,3620,OWNER
4370,4370,3623,OWNER
4371,4371,3624,OWNER
4384,4384,3635,OWNER
4390,4390,3641,OWNER
4393,4393,3643,OWNER
4394,4394,3644,OWNER
4398,4398,3647,OWNER
4399,4399,3648,OWNER
4403,4403,3652,OWNER
4411,4411,3659,OWNER
4412,4412,3659,DISPONENT
4414,4414,3661,OWNER
4423,4423,3670,OWNER
4426,4426,3672,OWNER
4427,4427,3673,OWNER
4431,4431,3676,OWNER
4436,4436,3680,OWNER
4439,4439,3682,OWNER
4444,4444,3686,OWNER
4445,4445,3686,DISPONENT
4448,4448,3688,OWNER
4453,4453,3693,OWNER
4454,4454,3693,DISPONENT
4458,4458,3697,OWNER
4463,4463,3701,OWNER
4464,4464,3702,OWNER
4466,4466,3704,OWNER
4473,4473,3710,OWNER
4474,4474,3711,OWNER
4476,4476,3712,OWNER
4477,4477,3713,OWNER
4478,4478,3713,DISPONENT
4480,4480,3715,OWNER
4483,4483,3718,OWNER
4484,4484,3719,OWNER
4492,4492,3724,OWNER
4498,4498,3729,OWNER
4499,4499,3729,DISPONENT
4500,4500,3730,OWNER
4501,4501,3731,OWNER
4507,4507,3735,OWNER
4508,4508,3736,OWNER
4509,4509,3736,DISPONENT
4511,4511,3738,OWNER
4515,4515,3742,OWNER
4519,4519,3746,OWNER
4520,4520,3747,OWNER
4521,4521,3748,OWNER
4522,4522,3749,OWNER
4523,4523,3749,DISPONENT
4526,4526,3751,OWNER
4532,4532,3756,OWNER
4534,4534,3758,OWNER
4535,4535,3759,OWNER
4539,4539,3763,OWNER
4540,4540,3764,OWNER
4550,4550,3774,OWNER
4554,4554,3777,OWNER
4556,4556,3779,OWNER
4559,4559,3781,OWNER
4561,4561,3783,OWNER
4569,4569,3789,OWNER
4575,4575,3795,OWNER
4580,4580,3800,OWNER
4581,4581,3801,OWNER
4584,4584,3804,OWNER
4587,4587,3806,OWNER
4588,4588,3807,OWNER
4594,4594,3813,OWNER
4595,4595,3813,DISPONENT
4598,4598,3816,OWNER
4599,4599,3816,DISPONENT
4607,4607,3823,OWNER
4608,4608,3824,OWNER
4620,4620,3834,OWNER
4621,4621,3834,DISPONENT
4629,4629,3840,OWNER
4630,4630,3840,DISPONENT
4631,4631,3841,OWNER
4636,4636,3845,OWNER
4637,4637,3846,OWNER
4640,4640,3849,OWNER
4641,4641,3850,OWNER
4642,4642,3850,DISPONENT
4647,4647,3854,OWNER
4648,4648,3855,OWNER
4652,4652,3859,OWNER
4654,4654,3861,OWNER
4655,4655,3861,DISPONENT
4657,4657,3863,OWNER
4661,4661,3867,OWNER
4662,4662,3868,OWNER
4670,4670,3874,OWNER
4671,4671,3874,DISPONENT
4673,4673,3876,OWNER
4674,4674,3877,OWNER
4675,4675,3878,OWNER
4679,4679,3882,OWNER
4683,4683,3885,OWNER
4686,4686,3888,OWNER
4687,4687,3889,OWNER
4688,4688,3889,DISPONENT
4693,4693,3893,OWNER
4694,4694,3893,DISPONENT
4701,4701,3899,OWNER
4704,4704,3901,OWNER
4709,4709,3905,OWNER
4712,4712,3907,OWNER
4716,4716,3910,OWNER
4718,4718,3912,OWNER
4720,4720,3914,OWNER
4723,4723,3917,OWNER
4729,4729,3921,OWNER
4732,4732,3924,OWNER
4734,4734,3926,OWNER
4735,4735,3926,DISPONENT
4741,4741,3932,OWNER
4742,4742,3933,OWNER
4743,4743,3933,DISPONENT
4747,4747,3937,OWNER
4748,4748,3937,DISPONENT
4750,4750,3939,OWNER
4758,4758,3945,OWNER
4759,4759,3945,DISPONENT
4764,4764,3949,OWNER
4765,4765,3950,OWNER
4766,4766,3951,OWNER
4769,4769,3954,OWNER
4770,4770,3954,DISPONENT
4773,4773,3957,OWNER
4774,4774,3958,OWNER
4775,4775,3958,DISPONENT
4781,4781,3963,OWNER
4784,4784,3966,OWNER
4785,4785,3966,DISPONENT
4790,4790,3971,OWNER
4799,4799,3980,OWNER
4800,4800,3980,DISPONENT
4801,4801,3981,OWNER
4804,4804,3984,OWNER
4806,4806,3986,OWNER
4807,4807,3987,OWNER
4821,4821,3999,OWNER
4822,4822,3999,DISPONENT
4823,4823,4000,OWNER
4853,4853,4026,OWNER
4861,4861,4033,OWNER
4877,4877,4047,OWNER
4904,4904,4069,OWNER
4923,4923,4086,OWNER
4928,4928,4091,OWNER
4929,4929,4092,OWNER
4930,4930,4093,OWNER
4937,4937,4099,OWNER
4942,4942,4103,OWNER
4949,4949,4109,OWNER
4972,4972,4130,OWNER
4979,4979,4134,OWNER
4989,4989,4140,OWNER
5002,5002,4150,OWNER
5010,5010,4156,OWNER
5028,5028,4171,OWNER
5046,5046,4186,OWNER
5050,5050,4190,OWNER
5067,5067,4204,OWNER
5072,5072,4208,OWNER
5117,5117,4245,OWNER
5132,5132,4258,OWNER
5133,5133,4259,OWNER
5134,5134,4260,OWNER
5138,5138,4264,OWNER
5141,5141,4266,OWNER
5145,5145,4269,OWNER
5152,5152,4276,OWNER
5159,5159,4283,OWNER
5163,5163,4286,OWNER
5171,5171,4293,OWNER
5204,5204,4321,OWNER
5217,5217,4332,OWNER
5232,5232,4342,OWNER
5233,5233,4343,OWNER
5240,5240,4349,OWNER
5243,5243,4352,OWNER
5245,5245,4354,OWNER
5246,5246,4355,OWNER
5247,5247,4356,OWNER
5249,5249,4358,OWNER
5277,5277,4379,OWNER
5284,5284,4386,OWNER
5312,5312,4408,OWNER
5313,5313,4408,DISPONENT
5352,5352,4437,OWNER
5354,5354,4439,OWNER
5366,5366,4448,OWNER
5367,5367,4448,DISPONENT
5374,5374,4454,OWNER
5379,5379,4458,OWNER
5392,5392,4470,OWNER
5404,5404,4480,OWNER
5409,5409,4484,OWNER
5433,5433,4503,OWNER
5441,5441,4511,OWNER
5450,5450,4519,OWNER
5469,5469,4534,OWNER
5472,5472,4537,OWNER
5478,5478,4543,OWNER
5526,5526,4585,OWNER
5527,5527,4585,DISPONENT
5539,5539,4596,OWNER
5563,5563,4616,OWNER
5699,5699,4725,OWNER
5704,5704,4729,OWNER
5753,5753,4768,OWNER
5760,5760,4774,OWNER
5761,5761,4774,DISPONENT
5928,5928,4907,OWNER
5977,5977,4948,OWNER
6015,6015,4981,OWNER
6042,6042,5001,OWNER
6077,6077,5033,OWNER
6144,6144,5092,OWNER
6178,6178,5120,OWNER
6255,6255,5180,OWNER
6256,6256,5180,DISPONENT
6275,6275,5196,OWNER
6299,6299,5213,OWNER
6317,6317,5228,OWNER
6318,6318,5228,DISPONENT
6342,6342,5250,OWNER
6363,6363,5267,OWNER
6366,6366,5269,OWNER
6473,6473,5362,OWNER
6474,6474,5362,DISPONENT
6499,6499,5385,OWNER
6567,6567,5442,OWNER
6616,6616,5481,OWNER
6691,6691,5541,OWNER
6749,6749,5591,OWNER
6750,6750,5591,DISPONENT
6803,6803,5632,OWNER
6804,6804,5632,DISPONENT
6844,6844,5661,OWNER
6886,6886,5692,OWNER
6906,6906,5708,OWNER
6987,6987,5774,OWNER
7010,7010,5794,OWNER
7011,7011,5794,DISPONENT
7127,7127,5891,OWNER
7166,7166,5927,OWNER
7286,7286,6030,OWNER
7299,7299,6040,OWNER
7325,7325,6062,OWNER
7348,7348,6083,OWNER
7435,7435,6158,OWNER
7576,7576,6273,OWNER
7586,7586,6281,OWNER
7594,7594,6289,OWNER
7723,7723,6397,OWNER
7724,7724,6397,DISPONENT
7727,7727,6400,OWNER
7765,7765,6434,OWNER
7772,7772,6440,OWNER
7814,7814,6472,OWNER
7843,7843,6495,OWNER
7863,7863,6511,OWNER
7864,7864,6512,OWNER
7980,7980,6609,OWNER
8013,8013,6636,OWNER
8074,8074,6686,OWNER
8089,8089,6699,OWNER
8096,8096,6706,OWNER
8200,8200,6792,OWNER
8356,8356,6922,OWNER
8359,8359,6924,OWNER
8489,8489,7033,OWNER
8548,8548,7082,OWNER
8571,8571,7101,OWNER
8615,8615,7136,OWNER
8636,8636,7156,OWNER
8666,8666,7180,OWNER
8726,8726,7231,OWNER
8737,8737,7240,OWNER
8738,8738,7240,DISPONENT
8777,8777,7274,OWNER
8865,9173,7401,OWNER
8866,9174,7401,DISPONENT
8909,9217,7437,OWNER
8928,9236,7454,OWNER
9005,9313,7520,OWNER
9032,9340,7542,OWNER
9095,9403,7594,OWNER
9119,9427,7614,OWNER
9120,9428,7614,DISPONENT
9125,9433,7618,OWNER
9148,9456,7636,OWNER
9247,9555,7721,OWNER
9261,9569,7733,OWNER
9298,9606,7765,OWNER
9308,9616,7774,OWNER
9355,9663,7815,OWNER
9356,9664,7815,DISPONENT
9362,9670,7819,OWNER
9367,9675,7824,OWNER
9407,9715,7857,OWNER
9409,9717,7859,OWNER
9410,9718,7859,DISPONENT
9452,9760,7894,OWNER
9538,9846,7966,OWNER
9606,9914,8026,OWNER
9622,9930,8039,OWNER
9679,9987,8085,OWNER
9687,9995,8092,OWNER
9715,10023,8114,OWNER
9768,10076,8159,OWNER
9769,10077,8159,DISPONENT
9837,10145,8212,OWNER
9890,10198,8260,OWNER
9891,10199,8260,DISPONENT
9965,10273,8320,OWNER
9966,10274,8320,DISPONENT
10074,10382,8405,OWNER
10151,10459,8475,OWNER
10167,10475,8489,OWNER
10168,10476,8489,DISPONENT
10202,10510,8519,OWNER
10203,10511,8519,DISPONENT
10220,10528,8533,OWNER
10235,10543,8547,OWNER
10394,10702,8680,OWNER
10395,10703,8680,DISPONENT
10406,10714,8688,OWNER
10438,10746,8713,OWNER
10469,10777,8742,OWNER
10470,10778,8742,DISPONENT
10490,10798,8759,OWNER
10505,10813,8772,OWNER
10689,10997,8926,OWNER
10690,10998,8926,DISPONENT
10797,11105,9017,OWNER
10813,11121,9030,OWNER
10814,11122,9030,DISPONENT
10942,11250,9138,OWNER
10944,11252,9140,OWNER
10958,11266,9153,OWNER
10959,11267,9153,DISPONENT
10966,11274,9159,OWNER
10967,11275,9159,DISPONENT
10978,11286,9167,OWNER
10996,11304,9179,OWNER
11051,11359,9225,OWNER
11052,11360,9225,DISPONENT
11153,11461,9307,OWNER
11189,11497,9337,OWNER
11237,11545,9377,OWNER
11266,11574,9403,OWNER
11301,11609,9433,OWNER
11368,11676,9484,OWNER
11377,11685,9493,OWNER
11405,11713,9513,OWNER
11406,11714,9513,DISPONENT
11424,11732,9528,OWNER
11446,11754,9548,OWNER
11547,11855,9631,OWNER
11635,11943,9703,OWNER
11668,11976,9730,OWNER
11669,11977,9730,DISPONENT
11670,11978,9731,OWNER
11671,11979,9731,DISPONENT
11695,12003,9750,OWNER
11742,12050,9790,OWNER
11743,12051,9790,DISPONENT
11787,12095,9828,OWNER
11825,12133,9859,OWNER
11873,12181,9897,OWNER
12016,12324,10018,OWNER
12020,12328,10022,OWNER
12036,12344,10036,OWNER
12050,12358,10049,OWNER
12051,12359,10049,DISPONENT
12074,12382,10068,OWNER
12075,12383,10068,DISPONENT
12088,12396,10079,OWNER
12089,12397,10079,DISPONENT
12124,12432,10105,OWNER
12160,12468,10134,OWNER
12260,12568,10220,OWNER
12278,12586,10233,OWNER
12291,12599,10243,OWNER
12335,12643,10280,OWNER
12387,12695,10320,OWNER
12442,12750,10361,OWNER
12494,12802,10404,OWNER
12532,12840,10436,OWNER
12551,12859,10451,OWNER
12635,12943,10520,OWNER
12736,13044,10607,OWNER
12781,13089,10644,OWNER
12815,13123,10670,OWNER
12863,13171,10710,OWNER
12968,13276,10799,OWNER
12977,13285,10807,OWNER
13038,13346,10857,OWNER
13098,13406,10906,OWNER
13104,13412,10911,OWNER
13182,13490,10973,OWNER
13248,13556,11027,OWNER
13282,13590,11054,OWNER
13312,13620,11079,OWNER
13365,13673,11123,OWNER
13386,13694,11141,OWNER
13544,13852,11271,OWNER
13615,13923,11327,OWNER
13647,13955,11349,OWNER
13648,13956,11349,DISPONENT
13690,13998,11382,OWNER
