order_id,account_id,bank_to,account_to,amount,k_symbol
29401,1,YZ,87144583,2452.0,SIPO
29411,7,IJ,34452903,4880.0,SIPO
29419,13,EF,35443323,2444.0,SIPO
29421,15,KL,24265569,3072.0,SIPO
29425,20,AB,3399968,2003.0,SIPO
29429,24,IJ,50810194,221.0,SIPO
29430,24,QR,46086388,7641.0,
29435,26,EF,12891853,10387.0,SIPO
29436,27,CD,28175699,4054.0,SIPO
29443,31,ST,42430687,10202.0,SIPO
29445,34,WX,21845197,1479.0,LEASING
29446,34,GH,19993174,502.0,SIPO
29448,35,MN,56788617,1022.0,SIPO
29449,35,MN,99848401,1362.0,SIPO
29470,47,KL,76620852,6940.0,SIPO
29471,47,KL,37438374,174.0,
29474,48,AB,50218236,6268.0,SIPO
29475,48,ST,2071685,1029.0,
29484,54,IJ,90659772,2280.0,SIPO
29485,55,EF,53077900,3086.0,SIPO
29489,59,IJ,38201576,695.0,SIPO
29490,59,ST,65394794,6190.0,
29495,62,EF,80010622,2273.0,SIPO
29498,65,YZ,74934333,686.0,SIPO
29499,65,CD,20976132,3315.0,
29502,67,YZ,45128363,6915.0,UVER
29503,67,YZ,57342255,6393.0,SIPO
29510,71,YZ,53903484,968.0,SIPO
29511,71,IJ,11544728,1602.0,
29517,73,CD,67077487,6061.0,SIPO
29522,75,IJ,74818038,3369.0,SIPO
29525,78,WX,32111394,9039.0,SIPO
29528,81,QR,18026441,1765.0,SIPO
29529,81,MN,28429049,62.0,
29535,85,IJ,65366345,3831.0,SIPO
29536,85,OP,81823444,1792.0,LEASING
29542,90,ST,68375611,2774.0,SIPO
29543,90,UV,90134667,2375.0,
29554,96,CD,62272125,4422.1,LEASING
29555,96,QR,83610647,908.0,SIPO
29570,101,KL,10926431,8037.0,SIPO
29571,101,GH,26152324,855.0,
29575,103,MN,2646291,7370.2,UVER
29576,104,MN,82782172,578.0,SIPO
29577,104,ST,8965999,1464.0,
29580,107,IJ,67744958,2015.0,SIPO
29581,107,IJ,9999049,1580.0,
29583,108,CD,62673318,4803.0,SIPO
29584,110,OP,24390584,3050.0,SIPO
29585,110,YZ,18149984,98.0,
29589,112,AB,41812431,2051.0,SIPO
29596,117,CD,59419953,2329.0,SIPO
29597,118,IJ,51605445,2449.0,SIPO
29611,129,IJ,69084489,3417.0,SIPO
29613,131,UV,29374742,6904.0,SIPO
29615,133,OP,90329002,3094.0,LEASING
29616,133,EF,45379865,4943.0,SIPO
29621,141,KL,30588215,3016.5,LEASING
29622,141,KL,65986662,3462.0,SIPO
29626,143,YZ,81564402,2272.0,SIPO
29639,154,MN,1314569,3891.0,SIPO
29644,159,GH,1882386,8694.0,SIPO
29645,160,QR,52787989,2374.0,SIPO
29646,160,ST,8854127,5552.0,
29647,161,GH,17877823,1389.0,SIPO
29648,161,WX,62378322,892.0,SIPO
29649,162,GH,1325488,3458.0,SIPO
29653,166,QR,26919090,3044.0,SIPO
29673,179,UV,16450244,7615.0,SIPO
29674,179,IJ,47684144,1066.0,
29677,181,KL,66975450,6780.0,SIPO
29680,184,IJ,65986150,1623.0,LEASING
29681,185,IJ,14592427,6526.0,SIPO
29682,186,GH,83964973,6862.0,SIPO
29684,188,AB,26629168,7426.0,SIPO
29685,189,GH,54808670,4244.0,SIPO
29686,189,OP,28932172,750.0,
29688,190,YZ,24279922,4519.0,SIPO
29689,190,WX,3125066,3233.0,
29692,191,YZ,89219265,4420.9,LEASING
29695,194,CD,39405787,2648.0,SIPO
29696,195,AB,37868559,6260.0,SIPO
29704,199,CD,15875643,1984.0,SIPO
29711,204,UV,59721839,1950.0,SIPO
29712,205,AB,99149345,4297.0,SIPO
29714,207,KL,71656483,403.0,SIPO
29715,207,GH,4786676,10.0,
29721,209,QR,17469549,483.0,SIPO
29722,209,EF,52778792,41.0,
29726,212,EF,58462047,13841.0,SIPO
29730,216,KL,85333066,1486.0,SIPO
29731,216,GH,38205874,1513.0,SIPO
29734,218,IJ,10956299,3182.0,LEASING
29739,222,WX,52384513,3440.9,LEASING
29740,224,EF,63218277,3503.0,SIPO
29745,227,GH,28972292,9381.0,SIPO
29749,230,ST,66906124,5615.0,SIPO
29750,230,AB,95935326,1527.0,
29752,231,WX,51732343,2073.0,SIPO
29755,234,MN,20655334,2809.0,SIPO
29756,235,MN,79934978,895.0,SIPO
29757,235,KL,52539473,1321.0,
29766,241,QR,28285497,1344.0,SIPO
29767,241,MN,27381342,632.0,
29771,243,KL,55282419,1041.0,LEASING
29772,243,GH,73269855,3067.0,SIPO
29788,255,WX,88934081,5323.0,SIPO
29795,261,IJ,49824553,2182.0,SIPO
29796,261,ST,63415229,371.0,
29797,263,WX,73582678,6145.0,SIPO
29801,267,KL,4520118,3074.0,SIPO
29802,268,OP,4418570,3121.0,SIPO
29805,270,QR,95370232,5462.0,SIPO
29807,272,IJ,15116119,7454.0,SIPO
29808,273,ST,77701490,1320.1,LEASING
29809,273,OP,80156594,5965.0,SIPO
29820,279,EF,46485179,624.0,SIPO
29821,279,QR,68556356,1380.0,
29826,282,GH,6997305,7531.0,SIPO
29827,282,AB,4248011,802.0,
29831,286,ST,3664666,9848.0,SIPO
29838,290,YZ,60961633,2577.0,UVER
29839,290,UV,10382223,2653.0,SIPO
29848,294,MN,91239595,5842.0,SIPO
29849,294,KL,94949411,145.0,
29852,295,AB,78368478,6992.0,SIPO
29856,302,ST,12600803,3236.0,SIPO
29857,303,KL,43664085,3803.0,SIPO
29858,303,UV,25709551,3132.0,UVER
29860,305,ST,77063089,2953.0,SIPO
29861,306,IJ,70354622,3657.0,SIPO
29863,309,UV,74396675,1901.0,UVER
29870,312,WX,31189668,7814.0,SIPO
29871,313,GH,6982702,2294.0,SIPO
29872,314,WX,56231456,2785.0,UVER
29873,314,KL,99187093,13691.0,SIPO
29874,315,MN,6354302,3509.0,UVER
29882,322,ST,4537106,6550.0,SIPO
29886,325,GH,69376104,2741.0,SIPO
29887,326,MN,44978225,1881.0,SIPO
29888,326,EF,63815659,1567.0,SIPO
29896,331,UV,55443829,3528.0,SIPO
29897,332,MN,6061673,2385.0,SIPO
29903,335,GH,80065911,2697.0,SIPO
29905,338,AB,37576079,2252.0,SIPO
29906,339,OP,60226070,7801.2,UVER
29907,339,WX,52391654,4087.0,SIPO
29911,342,KL,44861531,2332.0,SIPO
29915,345,QR,68522327,8819.0,SIPO
29917,347,CD,37914210,7801.2,UVER
29918,349,ST,83005469,4660.0,SIPO
29919,349,YZ,66345286,3568.0,UVER
29934,359,UV,86209541,3544.0,SIPO
29951,368,ST,13122338,4381.0,SIPO
29952,368,EF,27974027,742.0,
29962,372,ST,65089881,7785.0,SIPO
29963,372,MN,83496254,2148.0,
29966,376,IJ,32540393,7097.0,SIPO
29967,378,MN,28203147,3840.2,UVER
29968,378,KL,6934583,8537.0,SIPO
29984,385,WX,28537345,2160.0,SIPO
29985,385,ST,91164779,31.0,
29987,386,CD,39887976,4711.0,SIPO
29991,390,YZ,24210876,4977.0,SIPO
30004,396,UV,71221321,5245.0,SIPO
30005,396,GH,26179212,68.0,
30012,401,AB,66742342,3600.0,SIPO
30013,401,EF,88922524,1769.0,
30025,407,WX,90311783,5411.0,SIPO
30026,407,EF,32662862,14.0,
30032,413,CD,49738037,2107.0,SIPO
30049,428,MN,64758032,3987.0,SIPO
30051,431,GH,65853184,6482.0,SIPO
30052,431,KL,66201281,715.0,
30053,434,WX,98904990,5666.0,SIPO
30054,434,ST,31071788,1637.0,
30055,435,MN,75157016,3189.0,SIPO
30056,436,WX,36372977,4885.0,SIPO
30057,436,IJ,61715274,72.0,
30069,443,KL,39137601,1508.0,SIPO
30070,443,IJ,32109809,463.0,
30075,446,EF,81248056,6941.0,SIPO
30082,450,QR,70611452,2404.0,SIPO
30083,451,UV,62285023,7208.0,UVER
30086,453,QR,23475498,7012.0,SIPO
30087,454,GH,80305754,5687.0,SIPO
30092,458,AB,65390032,9586.0,SIPO
30093,458,CD,51641261,1031.0,LEASING
30094,460,MN,57986551,3554.0,SIPO
30095,461,OP,30994916,1530.0,SIPO
30098,464,UV,4756558,3509.0,SIPO
30099,465,ST,3081554,1278.5,LEASING
30100,465,IJ,59340989,11126.0,SIPO
30101,467,UV,90201395,3937.0,SIPO
30102,467,AB,73301529,2895.0,
30109,471,ST,26110238,4695.0,SIPO
30110,471,CD,97181409,931.0,
30113,472,UV,6824928,8200.2,UVER
30118,474,UV,33440119,694.0,SIPO
30119,474,OP,79647504,1606.0,
30125,479,YZ,117046,2064.0,SIPO
30135,484,GH,19220835,1652.0,SIPO
30136,484,MN,16825324,1995.0,
30146,491,EF,26434993,9090.0,SIPO
30147,494,EF,88363974,2629.6,LEASING
30148,494,GH,24389368,8728.0,SIPO
30162,503,QR,34156501,7175.0,SIPO
30163,503,GH,41920358,1746.0,LEASING
30164,504,UV,2230048,2308.0,SIPO
30176,511,MN,4644132,2629.6,LEASING
30180,515,CD,6447190,2750.0,SIPO
30185,519,AB,65870404,3245.0,SIPO
30186,520,MN,67366206,2332.0,SIPO
30188,522,WX,31764650,77.0,SIPO
30189,522,GH,18812161,4930.0,
30191,525,MN,88872944,4382.7,UVER
30192,525,ST,67853247,6454.0,SIPO
30193,526,MN,22128474,5074.0,SIPO
30197,531,OP,48101,2144.0,SIPO
30200,534,KL,26713061,1747.0,SIPO
30201,534,KL,88319682,713.0,
30208,537,ST,79339456,1848.0,SIPO
30217,544,EF,24082440,3798.2,UVER
30232,558,CD,60158938,4081.0,SIPO
30233,558,WX,11205697,1476.0,
30235,560,QR,17489135,5683.0,SIPO
30239,564,YZ,8056086,295.0,SIPO
30240,564,IJ,56459259,8713.0,
30244,570,YZ,48868894,6273.0,SIPO
30251,575,KL,32180041,756.0,SIPO
30252,575,GH,62339043,5329.0,
30253,576,OP,71033382,3662.0,SIPO
30254,577,QR,92529356,5120.0,SIPO
30261,580,KL,18037027,3571.0,SIPO
30262,580,AB,27916240,1715.0,
30263,581,KL,62047934,1502.0,SIPO
30266,584,MN,76447403,2302.0,SIPO
30267,588,AB,29001635,3141.0,SIPO
30268,588,MN,81579917,1437.0,
30271,591,WX,33145171,2788.0,SIPO
30274,594,CD,76892024,2054.0,SIPO
30275,595,WX,22432470,4702.0,SIPO
30280,600,UV,6513369,5952.0,SIPO
30283,603,KL,46360403,4361.0,SIPO
30284,605,CD,93390070,6876.0,SIPO
30292,611,AB,98749815,2284.0,SIPO
30297,616,OP,38012558,1869.0,SIPO
30304,621,GH,21300334,366.0,SIPO
30305,621,QR,32067704,3043.0,
30310,623,ST,73409360,419.0,SIPO
30311,623,IJ,34328079,1653.0,
30312,625,CD,76538800,2607.2,LEASING
30313,625,QR,50207537,11457.0,SIPO
30314,626,WX,22472965,3639.0,SIPO
30318,629,QR,91464036,1207.0,SIPO
30319,629,WX,2222919,1500.0,SIPO
30321,631,GH,89184629,2394.0,SIPO
30322,632,OP,31188458,842.0,SIPO
30323,632,CD,54220384,199.0,
30338,641,WX,41606414,3330.0,SIPO
30344,647,UV,41266620,6465.0,SIPO
30346,649,AB,90564441,3430.1,LEASING
30347,650,YZ,70699482,1697.0,SIPO
30352,654,AB,49887746,2885.0,SIPO
30353,655,CD,91412663,1899.0,SIPO
30354,655,WX,48714017,2036.0,
30390,673,KL,71669763,4586.0,SIPO
30394,676,GH,72221982,3017.0,SIPO
30404,682,QR,39035719,1477.0,SIPO
30405,682,CD,62099003,537.0,
30408,685,AB,46590065,3847.2,LEASING
30415,689,IJ,27240383,3847.2,LEASING
30416,689,MN,58262753,4989.0,SIPO
30420,690,ST,19503748,7152.0,SIPO
30421,690,ST,45288330,1749.0,LEASING
30423,692,QR,82628667,4366.0,SIPO
30424,692,OP,98083799,137.0,
30425,693,IJ,37686020,6329.0,SIPO
30432,700,WX,21956253,1116.0,SIPO
30433,700,YZ,83101778,1646.0,
30435,703,QR,41043675,2306.0,SIPO
30438,705,KL,67101108,4161.0,SIPO
30443,712,UV,19930512,3847.2,LEASING
30444,713,QR,13186729,3581.0,SIPO
30450,718,KL,3925556,6412.0,UVER
30451,718,KL,22049463,726.0,SIPO
30454,719,UV,95629697,1991.0,SIPO
30468,728,YZ,24685102,1143.0,SIPO
30469,728,WX,87029039,4119.0,
30471,729,AB,49945181,1872.0,SIPO
30472,729,GH,95585292,114.0,
30474,731,UV,24144953,2706.0,SIPO
30486,743,EF,82371133,2691.0,SIPO
30496,750,YZ,4588097,6615.0,SIPO
30507,759,UV,40699601,1952.0,SIPO
30515,767,KL,91866522,3564.0,SIPO
30516,767,QR,39504963,504.0,
30525,772,IJ,69179099,4225.0,SIPO
30526,772,YZ,62614697,660.0,
30530,775,EF,6431270,1168.0,SIPO
30531,775,ST,6988245,2439.0,
30540,783,MN,85706555,3242.0,SIPO
30545,785,MN,34928149,4335.8,UVER
30546,785,CD,69687145,7395.0,SIPO
30549,787,GH,43629378,4395.0,SIPO
30550,787,OP,81038975,122.0,
30555,790,MN,86892044,4335.8,UVER
30556,791,CD,11072284,3054.0,SIPO
30563,794,EF,49722951,1107.0,SIPO
30564,794,YZ,95150184,907.0,
30566,798,CD,6413495,2182.0,SIPO
30567,800,ST,70286303,2203.0,SIPO
30568,800,IJ,79600321,299.0,
30586,815,MN,93358599,1949.0,SIPO
30599,823,CD,43020331,62.0,SIPO
30600,823,WX,75077736,1515.0,
30603,825,YZ,35577237,9235.0,SIPO
30604,825,YZ,87110560,4423.0,UVER
30608,827,QR,21975636,2260.0,SIPO
30614,834,CD,48387557,2473.0,SIPO
30620,839,GH,73115485,4254.0,SIPO
30622,841,IJ,1747614,2109.0,SIPO
30623,842,IJ,84613001,3278.0,SIPO
30624,843,EF,10746133,955.0,SIPO
30625,843,WX,32156717,128.0,
30627,844,ST,37441408,1640.0,SIPO
30628,844,GH,24649799,12531.0,
30630,846,WX,61563986,7795.5,UVER
30631,848,OP,79923873,3400.0,SIPO
30632,848,ST,72638684,1590.0,
30634,850,EF,23098129,14811.0,SIPO
30635,851,KL,59494537,2090.0,LEASING
30636,851,GH,75825410,3254.0,SIPO
30638,852,GH,3289789,69.0,SIPO
30639,852,KL,63201045,2013.0,
30640,853,AB,85631608,4673.0,SIPO
30641,853,QR,71826153,1378.0,
30651,857,AB,51452183,3019.0,SIPO
30652,858,ST,28566694,5456.0,SIPO
30653,859,ST,87632876,463.0,SIPO
30654,859,MN,97751479,855.0,
30675,870,EF,43178206,4562.0,SIPO
30677,872,QR,4002279,2762.0,SIPO
30682,874,YZ,10270870,1642.3,LEASING
30683,874,OP,10934925,1053.0,SIPO
30686,876,OP,8003074,3796.0,SIPO
30690,879,MN,22161680,2094.0,SIPO
30691,880,WX,69104659,1690.1,LEASING
30692,880,OP,25282103,4840.0,SIPO
30702,884,AB,15814888,2259.0,SIPO
30703,885,GH,90082960,872.0,SIPO
30704,885,UV,97141348,2420.0,
30720,898,EF,70056313,2882.0,SIPO
30721,898,UV,34259772,1582.0,
30722,899,YZ,59026044,1626.6,LEASING
30732,906,AB,85822999,2240.0,SIPO
30733,907,UV,56898051,2118.0,SIPO
30736,911,GH,17067635,9600.0,SIPO
30737,911,WX,10116327,968.0,
30739,913,EF,87569880,2128.0,SIPO
30740,913,QR,52878284,2357.0,
30749,919,KL,87937092,4850.0,SIPO
30751,921,QR,13826614,1240.0,SIPO
30752,921,YZ,38948452,536.0,SIPO
30756,923,YZ,9631318,2087.0,SIPO
30766,930,IJ,14144766,9356.0,SIPO
30767,931,QR,69328868,998.0,SIPO
30768,931,OP,98647319,1151.0,
30774,935,OP,14574545,2118.0,SIPO
30778,938,AB,33329439,3282.0,SIPO
30779,938,GH,56959378,371.0,UVER
30780,939,QR,68136739,2108.0,SIPO
30781,940,OP,99014985,4738.0,UVER
30785,945,YZ,63545399,8215.0,SIPO
30791,950,CD,13765102,8910.0,SIPO
30792,951,KL,47982436,2371.0,SIPO
30794,953,OP,93842464,1768.0,SIPO
30795,953,OP,89555656,185.0,
30796,954,WX,698990,357.0,SIPO
30797,954,AB,55569523,1242.0,
30799,955,MN,52028411,7411.0,SIPO
30801,958,OP,78640448,3990.0,SIPO
30817,975,CD,35931646,3550.0,SIPO
30822,980,ST,79582625,3632.0,SIPO
30823,980,EF,4869163,2889.0,
30838,988,UV,82773095,2512.0,SIPO
30839,989,CD,77140342,2262.0,SIPO
30840,989,KL,78910153,1147.0,SIPO
30843,992,QR,63584351,3231.0,SIPO
30844,992,KL,77042627,1071.0,
30847,993,WX,89932006,1812.3,UVER
30850,996,KL,40804118,1934.0,SIPO
30869,1004,KL,48386609,5237.0,UVER
30872,1006,YZ,28566903,390.0,SIPO
30873,1006,EF,8671278,2008.0,
30884,1015,KL,18432247,3925.0,SIPO
30898,1024,IJ,50779986,2074.0,SIPO
30905,1026,IJ,92388706,8099.0,SIPO
30906,1026,WX,63060033,335.0,
30920,1037,ST,89659267,1062.0,SIPO
30921,1037,UV,73314934,940.0,
30931,1044,MN,62729650,2880.0,SIPO
30932,1044,GH,18615305,188.0,
30935,1047,KL,74345159,4339.0,SIPO
30937,1049,EF,93252652,1545.0,SIPO
30938,1049,EF,13402939,954.0,
30942,1054,IJ,38208055,4736.0,SIPO
30947,1058,WX,49857848,4761.0,SIPO
30948,1058,WX,54740381,408.0,
30955,1068,ST,2958560,4219.5,UVER
30956,1068,AB,6389087,4737.0,SIPO
30960,1070,MN,65257990,5116.0,SIPO
30962,1072,OP,47369968,3520.0,SIPO
30963,1073,OP,88794773,3843.0,SIPO
30965,1075,WX,87197690,3868.0,SIPO
30966,1075,UV,90986024,208.0,
30971,1080,WX,40894991,6185.0,SIPO
30973,1082,WX,8899295,2189.0,SIPO
30987,1090,ST,12971461,3317.0,SIPO
30989,1093,ST,99570404,8022.8,UVER
30990,1093,EF,21858203,10261.0,SIPO
30997,1096,MN,24721879,3488.0,SIPO
31012,1101,ST,64489167,7553.0,SIPO
31013,1102,CD,19876456,3559.0,SIPO
31015,1105,EF,96368914,1839.0,SIPO
31016,1105,WX,69901072,4015.0,
31017,1106,WX,7667500,8022.8,UVER
31018,1107,ST,55333268,1746.0,SIPO
31022,1111,UV,64148080,3962.0,SIPO
31025,1114,EF,41164273,3350.0,SIPO
31030,1118,UV,32868296,3637.0,SIPO
31031,1118,GH,4071104,1388.0,
31038,1124,WX,20725280,4813.7,LEASING
31039,1124,YZ,35057538,1030.0,SIPO
31041,1125,YZ,68780326,7895.0,UVER
31042,1125,ST,79252308,11827.0,SIPO
31045,1126,WX,12984758,2791.0,SIPO
31058,1136,IJ,88794064,3081.8,LEASING
31059,1136,YZ,58973252,6249.0,SIPO
31067,1140,YZ,74234366,2790.0,SIPO
31071,1142,KL,67380297,2077.0,SIPO
31087,1158,CD,11980402,2171.0,SIPO
31089,1160,YZ,20354813,3487.0,SIPO
31090,1160,CD,47398275,171.0,
31097,1166,CD,62584346,3105.2,UVER
31098,1166,EF,69850820,4397.0,SIPO
31108,1170,YZ,66010159,2279.3,LEASING
31109,1170,EF,53990995,13057.0,SIPO
31110,1171,AB,8577967,7893.0,SIPO
31111,1173,YZ,85918098,950.0,SIPO
31112,1173,AB,55954945,1352.0,
31113,1174,GH,72342484,720.0,SIPO
31114,1174,IJ,14356726,829.0,
31120,1177,YZ,63586568,541.0,SIPO
31121,1177,IJ,89210205,3499.0,
31125,1181,OP,84730392,3418.0,SIPO
31126,1181,WX,99466686,329.0,
31133,1187,WX,56067287,2288.0,SIPO
31134,1188,KL,60496938,4421.0,SIPO
31147,1197,ST,79359864,2582.0,SIPO
31159,1203,EF,84286474,465.0,SIPO
31160,1203,UV,74031829,3232.0,
31166,1206,KL,50189578,3279.0,SIPO
31171,1209,AB,9581202,3568.0,SIPO
31180,1217,AB,9696394,151.0,SIPO
31181,1217,YZ,58911669,1956.0,
31182,1218,IJ,27704996,3213.4,LEASING
31183,1219,IJ,86177932,3986.0,SIPO
31185,1221,QR,20722085,3213.4,LEASING
31186,1222,WX,91109859,1727.0,SIPO
31187,1223,WX,7625335,1398.0,SIPO
31188,1223,CD,87986993,4963.0,
31202,1231,GH,5624753,3485.0,SIPO
31203,1231,IJ,9577274,665.0,LEASING
31205,1234,WX,71036088,2236.0,SIPO
31206,1235,QR,36736953,1843.0,SIPO
31207,1235,GH,56642502,1049.0,SIPO
31209,1239,KL,83388852,3744.0,SIPO
31211,1241,EF,97685855,1368.0,SIPO
31212,1241,IJ,21271294,2201.0,
31214,1242,CD,11588836,5355.7,UVER
31215,1242,GH,12355560,4910.0,SIPO
31219,1244,EF,22533941,903.0,SIPO
31220,1244,IJ,81744551,2122.0,
31226,1247,YZ,9652227,2077.0,UVER
31227,1248,AB,25126809,3176.0,SIPO
31228,1249,ST,91224199,704.0,SIPO
31229,1249,GH,65504103,392.0,
31231,1250,GH,21845096,3805.2,UVER
31232,1250,YZ,14470041,61.0,SIPO
31236,1253,OP,64931833,3865.0,SIPO
31237,1253,WX,10639518,5330.0,
31242,1257,CD,16047442,4387.0,SIPO
31250,1261,CD,48037660,9222.0,SIPO
31253,1265,QR,2120972,1870.0,SIPO
31259,1268,ST,70287799,2220.0,SIPO
31264,1271,EF,44934696,4128.0,SIPO
31266,1273,IJ,25406718,3863.0,SIPO
31271,1277,OP,2533764,3175.0,SIPO
31282,1284,AB,29951918,4375.5,UVER
31283,1285,YZ,21816671,7213.0,SIPO
31284,1286,IJ,38014668,8500.0,SIPO
31289,1289,OP,91892945,6950.0,SIPO
31293,1292,MN,61391454,1653.0,SIPO
31294,1292,UV,43192416,1457.0,
31296,1293,MN,91569077,3484.0,SIPO
31300,1296,GH,57227110,1607.0,SIPO
31308,1302,UV,38729328,3924.0,SIPO
31309,1303,IJ,57378178,3601.0,SIPO
31315,1308,CD,27181756,3206.0,SIPO
31333,1319,IJ,20581275,6185.0,SIPO
31334,1319,YZ,35347509,884.0,
31340,1321,EF,33750575,2683.0,SIPO
31341,1321,CD,3041947,636.0,LEASING
31344,1323,OP,80685257,9720.0,SIPO
31345,1324,ST,6513697,2741.0,SIPO
31346,1324,GH,7442152,680.0,
31349,1326,YZ,57284325,96.0,SIPO
31350,1326,QR,42594999,786.0,
31354,1329,UV,31472492,1960.2,UVER
31355,1329,QR,69419830,3368.0,SIPO
31364,1336,CD,63792580,9426.0,SIPO
31366,1338,CD,87075221,4545.0,SIPO
31367,1338,OP,42143994,897.0,
31380,1345,ST,37129354,3294.0,SIPO
31381,1345,AB,89492493,848.0,
31385,1348,CD,53150421,5025.0,SIPO
31386,1348,ST,8676511,17.0,
31401,1355,WX,64249014,3606.0,SIPO
31412,1366,GH,26513684,4773.0,SIPO
31413,1366,ST,24074399,310.0,
31415,1367,MN,3021765,3872.0,SIPO
31416,1367,ST,41883254,193.0,
31422,1370,WX,50552004,1852.0,SIPO
31430,1377,QR,94826453,2272.0,SIPO
31439,1381,ST,30807364,2705.0,SIPO
31441,1383,GH,38012504,2173.0,SIPO
31449,1390,AB,35191500,1011.0,SIPO
31450,1390,EF,43511337,6147.0,
31451,1391,QR,42852616,3053.0,SIPO
31452,1392,EF,64765941,3081.0,SIPO
31453,1392,ST,15265077,4216.0,
31460,1399,IJ,36796647,5427.0,SIPO
31461,1399,WX,32165342,13.0,
31474,1404,IJ,6610733,2121.0,LEASING
31475,1404,UV,64530676,6306.0,SIPO
31488,1411,CD,50814467,5174.0,SIPO
31500,1416,GH,1996410,3688.0,LEASING
31501,1417,QR,84443246,7394.0,SIPO
31505,1422,UV,24991828,2655.0,SIPO
31506,1423,WX,64437407,2394.0,SIPO
31507,1423,IJ,50862812,1213.0,
31513,1429,EF,8150911,2166.0,SIPO
31518,1434,QR,81822454,3214.0,SIPO
31519,1435,WX,87787443,7949.0,SIPO
31520,1436,QR,96351390,3104.0,SIPO
31526,1440,ST,85377597,56.0,SIPO
31527,1440,IJ,63291668,2020.0,
31532,1444,YZ,56467163,2024.0,SIPO
31540,1448,CD,82941960,7156.0,UVER
31541,1449,KL,82136630,2820.0,SIPO
31542,1449,UV,17508918,320.0,
31565,1467,QR,10475975,6814.0,SIPO
31566,1468,AB,25955593,439.0,SIPO
31567,1468,IJ,53378862,1710.0,
31568,1469,EF,97405832,3574.0,SIPO
31575,1473,QR,28500956,1984.0,SIPO
31576,1474,IJ,16386759,2695.0,SIPO
31579,1478,KL,82071739,11931.0,SIPO
31583,1482,KL,43270033,2687.0,SIPO
31584,1482,KL,10367054,1766.0,
31586,1483,YZ,92452376,1962.0,SIPO
31587,1483,AB,39453744,2701.0,
31596,1487,KL,70317125,2204.0,SIPO
31597,1488,WX,69482773,5850.0,SIPO
31598,1488,CD,64393782,230.0,
31601,1490,CD,39819097,1657.7,LEASING
31608,1496,AB,4760909,6931.0,SIPO
31609,1496,GH,36367225,161.0,
31613,1498,ST,26674098,2762.8,UVER
31616,1501,OP,40921163,2292.0,SIPO
31618,1503,OP,11958569,3171.0,SIPO
31619,1504,UV,29212069,619.0,SIPO
31620,1504,WX,69836336,4887.0,
31621,1506,UV,28518402,9498.0,UVER
31625,1509,EF,43322950,4943.0,SIPO
31626,1509,QR,20525896,2320.0,
31628,1511,OP,43543106,1657.7,LEASING
31630,1513,AB,52238965,1632.0,SIPO
31631,1513,QR,85800695,3912.0,
31634,1514,ST,47490662,1547.0,SIPO
31635,1514,WX,89040159,2234.0,SIPO
31636,1515,IJ,74637114,1538.0,SIPO
31637,1515,CD,84623413,774.0,
31643,1521,GH,37432712,3024.0,SIPO
31647,1525,QR,24106085,1625.0,SIPO
31651,1528,QR,58779168,3981.0,UVER
31658,1532,AB,67652118,7903.0,SIPO
31661,1534,EF,3089267,7451.0,SIPO
31662,1534,ST,36498439,2155.0,
31663,1535,UV,60955130,2757.0,SIPO
31668,1540,IJ,33179605,4540.0,SIPO
31669,1540,UV,76470201,3057.0,
31676,1546,UV,49245339,4173.0,SIPO
31685,1555,QR,32593053,3263.0,SIPO
31688,1558,IJ,10707974,1148.0,SIPO
31689,1558,ST,33069950,2899.0,
31691,1559,KL,31869977,8004.0,SIPO
31696,1561,CD,91776167,1924.0,SIPO
31697,1561,WX,32302445,51.0,SIPO
31698,1562,EF,14241010,1933.0,SIPO
31702,1566,WX,11077720,4375.0,SIPO
31703,1566,WX,15924412,1164.0,
31706,1567,UV,14090234,480.0,SIPO
31707,1567,CD,53102117,6000.0,
31717,1570,UV,20745683,2865.0,SIPO
31718,1571,AB,54680818,7692.0,SIPO
31724,1577,KL,69888543,1282.0,SIPO
31725,1577,KL,58483004,988.0,
31727,1578,UV,44909232,1825.0,SIPO
31730,1581,AB,55002999,5758.0,SIPO
31731,1582,CD,24857425,1917.0,SIPO
31732,1583,QR,49376446,8094.2,UVER
31733,1584,ST,97312646,1983.0,SIPO
31736,1590,ST,5941856,5847.0,SIPO
31737,1590,WX,79533683,1025.0,
31743,1592,QR,4900444,224.0,SIPO
31744,1592,GH,84782951,1613.0,SIPO
31745,1593,MN,35590773,2086.0,SIPO
31752,1596,KL,29656684,1306.0,SIPO
31753,1596,OP,20661324,1997.0,SIPO
31762,1603,WX,92258166,2359.0,SIPO
31763,1603,MN,3211814,1187.0,
31773,1613,GH,46822315,3628.0,SIPO
31774,1614,CD,41090893,5763.0,SIPO
31775,1615,QR,27684122,3124.0,SIPO
31777,1617,AB,40236705,1536.0,SIPO
31780,1620,ST,23482644,1931.0,SIPO
31794,1631,ST,78712355,2743.0,SIPO
31795,1632,OP,65521752,1977.6,LEASING
31796,1633,CD,27727192,2145.0,SIPO
31797,1635,EF,72468793,5683.0,SIPO
31806,1640,UV,42289441,4783.0,SIPO
31820,1646,ST,80997341,6521.0,SIPO
31821,1646,QR,99677460,1651.0,
31822,1647,OP,55010729,2412.0,SIPO
31823,1647,GH,78795104,1199.0,
31828,1652,WX,88888269,3422.0,SIPO
31830,1655,IJ,20809352,4277.0,SIPO
31831,1655,GH,90691631,3827.0,
31843,1662,UV,28918445,9626.0,SIPO
31846,1664,UV,6438845,5454.0,SIPO
31851,1670,WX,84970950,1242.0,SIPO
31852,1670,QR,66763526,1312.0,SIPO
31856,1673,AB,20515662,2447.0,SIPO
31857,1674,WX,74642348,3804.0,SIPO
31862,1678,IJ,72718292,2952.0,SIPO
31863,1678,OP,54732525,1778.0,
31865,1680,QR,16704351,5955.0,SIPO
31869,1683,WX,63649123,1342.0,SIPO
31870,1683,UV,73280399,3239.0,
31880,1691,EF,22764325,720.0,SIPO
31881,1691,QR,60282856,1214.0,
31886,1695,AB,53282368,14658.0,SIPO
31887,1696,QR,41205018,2159.0,SIPO
31888,1697,QR,38106852,408.0,SIPO
31889,1697,AB,30674797,1778.0,
31893,1699,IJ,62475007,3463.0,SIPO
31894,1699,EF,2504826,19.0,SIPO
31895,1700,AB,93968033,6765.0,SIPO
31896,1701,ST,90327703,4425.3,LEASING
31897,1701,MN,99692040,7571.0,SIPO
31899,1703,CD,73302203,3554.0,SIPO
31901,1705,KL,33791291,5502.0,SIPO
31905,1708,IJ,89942037,4519.0,SIPO
31906,1708,WX,62805408,3339.0,
31909,1711,KL,38527757,183.0,SIPO
31910,1711,KL,75510221,188.0,
31912,1712,WX,3848445,1626.0,SIPO
31916,1717,ST,11458802,2500.0,SIPO
31919,1719,UV,80013709,2768.0,SIPO
31933,1728,OP,84701668,4954.0,SIPO
31934,1729,YZ,10198331,6554.0,SIPO
31937,1732,WX,69793838,8050.0,SIPO
31942,1737,GH,66021996,3103.0,SIPO
31943,1737,QR,67832314,2329.0,
31948,1742,IJ,12537497,3827.0,SIPO
31951,1747,MN,87503873,871.0,SIPO
31952,1747,MN,40159267,1118.0,
31967,1759,EF,39091742,1856.0,SIPO
31968,1759,WX,8029026,1866.0,
31974,1762,CD,73894780,853.0,SIPO
31975,1762,QR,49858301,3352.0,
31991,1771,GH,38500511,3052.0,SIPO
32002,1778,YZ,55264913,3432.0,SIPO
32009,1784,EF,14724040,1785.0,SIPO
32010,1785,IJ,39795231,1722.0,SIPO
32014,1790,KL,20001995,2096.0,SIPO
32015,1790,ST,2797884,1935.0,
32017,1792,IJ,49249744,1712.0,SIPO
32043,1805,YZ,56198263,2693.0,LEASING
32044,1805,OP,38994044,3110.0,SIPO
32046,1807,YZ,25078994,4731.0,SIPO
32047,1808,QR,39164525,8033.2,UVER
32051,1810,ST,40205115,5925.0,SIPO
32057,1813,GH,39702093,812.0,SIPO
32058,1813,QR,343406,4350.0,
32060,1815,OP,19580573,6037.0,SIPO
32061,1815,QR,69614529,3859.0,
32062,1816,MN,50690215,2824.0,SIPO
32063,1817,CD,57132309,9131.0,SIPO
32064,1819,UV,82792853,3990.8,UVER
32065,1819,OP,78877323,966.0,SIPO
32074,1825,QR,87801843,1425.0,SIPO
32075,1825,ST,42349684,2688.0,
32076,1826,OP,62603348,9921.0,SIPO
32077,1827,EF,47742539,2567.0,SIPO
32078,1828,KL,22854000,2394.5,LEASING
32079,1828,EF,60668200,4036.0,SIPO
32085,1831,KL,26089942,2047.0,SIPO
32086,1832,UV,33134043,2072.1,LEASING
32087,1832,QR,46307826,3275.0,SIPO
32091,1833,KL,98189168,1674.0,SIPO
32092,1834,QR,4736280,8084.0,SIPO
32095,1836,YZ,46282643,6666.0,SIPO
32096,1836,EF,2027774,1685.0,
32100,1839,OP,76028460,3093.0,SIPO
32110,1848,KL,94460415,3473.0,SIPO
32121,1857,CD,39414250,4295.0,SIPO
32122,1857,GH,97685545,279.0,
32124,1859,WX,63530605,2826.0,SIPO
32125,1860,GH,54349380,2170.0,SIPO
32129,1863,GH,79569941,3371.0,SIPO
32130,1863,ST,28247505,1096.0,
32136,1868,CD,26658559,12111.0,SIPO
32141,1874,ST,15775823,2100.0,SIPO
32142,1875,OP,47586584,3094.0,SIPO
32143,1876,IJ,65358716,2329.0,SIPO
32144,1876,YZ,2049482,723.0,
32148,1879,WX,53768026,907.0,SIPO
32149,1879,QR,75441211,1119.0,
32169,1893,OP,37540984,6289.0,SIPO
32172,1896,AB,37679821,1791.5,LEASING
32173,1896,AB,81584167,9463.0,SIPO
32179,1900,KL,4257697,7114.0,SIPO
32187,1905,AB,28957480,3506.0,SIPO
32188,1905,WX,17456478,3225.0,
32190,1906,OP,59762132,1872.8,UVER
32191,1906,YZ,62735038,7355.0,SIPO
32205,1915,EF,85960626,4052.0,SIPO
32206,1915,GH,43997365,2142.0,
32218,1925,WX,28522896,3860.0,SIPO
32219,1926,WX,87020074,2643.0,SIPO
32220,1926,QR,66210120,361.0,
32221,1927,ST,54550802,2283.0,SIPO
32223,1929,IJ,23485905,2027.0,SIPO
32228,1933,ST,49145901,3804.0,SIPO
32235,1938,IJ,28358316,6646.0,SIPO
32236,1938,UV,41125863,586.0,LEASING
32239,1940,GH,89983695,3106.0,SIPO
32246,1944,OP,38381874,6741.0,SIPO
32259,1954,IJ,85359781,2140.0,SIPO
32260,1955,KL,37730187,1964.0,SIPO
32261,1956,UV,409156,4674.0,SIPO
32262,1957,UV,19923216,1595.0,SIPO
32263,1957,QR,27709353,892.0,
32265,1959,YZ,8956242,2975.0,SIPO
32266,1959,QR,89473181,167.0,SIPO
32270,1962,MN,10131866,770.0,SIPO
32271,1962,OP,17327452,1192.0,
32276,1966,EF,77830534,5569.0,SIPO
32277,1967,YZ,88398128,5194.0,UVER
32278,1967,KL,91595464,14164.0,SIPO
32280,1969,QR,67560100,5403.0,SIPO
32283,1971,GH,27420634,6624.0,SIPO
32284,1972,YZ,67027497,2736.0,SIPO
32285,1973,KL,71021574,847.0,SIPO
32286,1973,WX,37152791,1150.0,
32298,1980,KL,11773962,6879.0,SIPO
32302,1986,ST,67953830,5451.0,SIPO
32309,1992,AB,63505238,4140.0,SIPO
32317,1997,AB,81057321,581.0,SIPO
32318,1997,OP,12751335,1361.0,SIPO
32319,1999,EF,51544994,2676.0,SIPO
32320,1999,EF,25691366,3778.0,
32321,2000,YZ,79359417,3318.0,SIPO
32322,2000,GH,21546656,48.0,
32328,2004,MN,4163760,5472.0,SIPO
32338,2010,KL,55216366,3876.0,SIPO
32350,2017,UV,15796089,1855.0,SIPO
32351,2017,IJ,86340266,816.0,
32357,2020,WX,37676316,2329.0,SIPO
32358,2022,MN,67742168,1943.0,SIPO
32364,2025,OP,27186978,6704.0,SIPO
32375,2033,MN,78654551,4274.0,SIPO
32377,2035,WX,13259464,4898.2,UVER
32378,2035,GH,67583274,8404.0,SIPO
32384,2038,KL,62453108,1580.0,SIPO
32385,2038,CD,20491111,2062.0,
32387,2042,YZ,33737266,1258.0,SIPO
32388,2042,IJ,24157494,1008.0,
32399,2049,AB,66625147,4854.0,SIPO
32400,2049,GH,14193714,1037.0,
32420,2058,ST,74001115,2564.0,SIPO
32421,2058,ST,17455786,131.0,
32425,2061,QR,55974131,1994.0,SIPO
32426,2061,OP,78724276,675.0,
32430,2063,YZ,7305825,1542.0,SIPO
32431,2064,EF,1838881,2322.7,UVER
32437,2069,YZ,91279679,484.0,SIPO
32438,2069,CD,57790952,2223.0,
32441,2070,QR,36406797,8092.0,SIPO
32448,2075,KL,26600021,589.0,SIPO
32449,2075,OP,56678074,992.0,
32454,2080,UV,34001827,5961.0,UVER
32455,2080,UV,62451505,13628.0,SIPO
32462,2085,AB,3505379,2124.0,SIPO
32463,2085,UV,94459324,305.0,
32466,2088,AB,86339223,3240.0,SIPO
32483,2103,IJ,66471505,1482.0,SIPO
32484,2103,EF,60364776,2211.0,
32485,2104,QR,61960321,6927.0,SIPO
32492,2110,OP,16387468,2050.0,SIPO
32495,2114,UV,20697045,5102.0,SIPO
32496,2114,CD,42759567,1742.0,
32497,2115,UV,74184041,1940.0,SIPO
32501,2117,GH,72168028,7786.0,SIPO
32502,2118,YZ,74920552,9871.0,SIPO
32511,2122,UV,7883274,7663.0,SIPO
32515,2125,UV,70317023,3225.0,SIPO
32517,2128,OP,30310547,3601.0,SIPO
32528,2135,KL,89391642,2740.0,SIPO
32529,2135,QR,91295229,4101.0,
32539,2143,MN,66855954,7264.0,SIPO
32540,2143,OP,18297326,1985.0,UVER
32547,2147,MN,42237263,2965.0,SIPO
32548,2147,WX,37541866,1341.0,LEASING
32562,2155,IJ,66442948,735.0,SIPO
32563,2155,ST,23068177,1534.0,
32569,2161,CD,11111456,2770.0,SIPO
32570,2161,WX,86137514,1068.0,
32575,2165,CD,40212154,3274.8,UVER
32576,2165,IJ,83407926,12493.0,SIPO
32586,2169,AB,49559926,6235.0,SIPO
32587,2169,QR,71835785,875.0,
32609,2182,OP,88771032,5262.0,SIPO
32611,2185,MN,23456716,2004.0,SIPO
32617,2189,UV,89534949,1449.0,SIPO
32618,2189,WX,36365342,704.0,
32623,2191,MN,83969157,6762.0,SIPO
32624,2192,CD,7238287,5743.0,SIPO
32625,2192,KL,25682276,7.0,
32629,2194,EF,28507352,9386.0,SIPO
32630,2196,IJ,33944320,2160.0,SIPO
32631,2197,YZ,97071992,8524.0,SIPO
32635,2199,UV,58226454,668.0,SIPO
32636,2199,AB,99790232,1830.0,
32643,2203,GH,10702485,2320.0,SIPO
32645,2205,EF,4889071,3042.0,SIPO
32646,2206,EF,11714333,3930.0,SIPO
32648,2209,YZ,15201545,5887.0,SIPO
32649,2209,ST,68777465,1418.0,
32651,2211,IJ,93359732,7863.0,SIPO
32655,2215,QR,36252600,2348.0,SIPO
32664,2223,IJ,22266888,2930.0,SIPO
32666,2225,GH,42774206,1946.0,SIPO
32675,2231,AB,8985472,2181.0,SIPO
32676,2231,KL,11682016,1431.0,
32677,2232,EF,97103237,4916.0,SIPO
32682,2235,CD,65763521,3730.0,SIPO
32699,2244,IJ,61625307,1690.0,SIPO
32724,2258,YZ,34422958,2202.0,SIPO
32733,2267,KL,57657045,3143.0,SIPO
32736,2269,ST,9433424,4581.0,SIPO
32737,2269,IJ,22943455,512.0,LEASING
32739,2271,GH,39753556,2032.0,SIPO
32751,2278,YZ,28221976,1145.0,SIPO
32752,2278,MN,48851555,7377.0,
32755,2281,YZ,7258689,5720.0,SIPO
32769,2290,ST,58844083,3965.0,SIPO
32774,2293,IJ,36960655,2332.0,SIPO
32775,2294,MN,18471438,4426.0,SIPO
32780,2298,UV,63721817,4550.0,SIPO
32781,2301,EF,56871384,6907.0,SIPO
32782,2302,YZ,4605699,1989.0,SIPO
32783,2302,MN,49296242,1838.0,
32788,2307,OP,60090291,3336.0,SIPO
32789,2307,YZ,84354322,123.0,SIPO
32796,2311,AB,43163901,6798.0,SIPO
32822,2325,GH,26319808,1334.0,SIPO
32823,2325,ST,46773761,2155.0,
32825,2326,AB,48282474,3422.0,SIPO
32827,2328,MN,22747612,1846.0,SIPO
32834,2334,IJ,17270642,2013.0,UVER
32835,2334,ST,92322378,10707.0,SIPO
32845,2339,MN,60427570,3893.0,SIPO
32846,2341,OP,5022091,1583.0,SIPO
32847,2341,ST,97825383,464.0,
32849,2343,UV,28312742,4723.0,SIPO
32850,2343,KL,67309921,4139.0,UVER
32851,2344,KL,95720600,1002.0,SIPO
32852,2344,CD,44955593,2019.0,SIPO
32853,2345,QR,31917315,3328.2,UVER
32854,2345,QR,16879636,3612.0,SIPO
32855,2346,UV,36571818,334.0,SIPO
32856,2346,QR,74352502,1939.0,
32859,2347,WX,25791567,3477.0,SIPO
32866,2351,QR,91637825,9173.0,SIPO
32873,2354,ST,23677683,9071.0,SIPO
32877,2360,KL,84537815,7580.0,SIPO
32884,2365,KL,22873586,3061.0,SIPO
32890,2369,YZ,20459878,7292.0,SIPO
32891,2369,EF,44902819,207.0,
32893,2371,UV,10878855,7101.3,UVER
32894,2371,YZ,33079290,12510.0,SIPO
32902,2373,GH,19720453,2377.0,SIPO
32909,2378,EF,1222903,9612.0,SIPO
32920,2385,MN,97151100,1305.0,LEASING
32924,2388,QR,54345786,2328.0,SIPO
32930,2393,KL,70831024,4292.0,SIPO
32931,2393,AB,73102003,1253.0,LEASING
32936,2395,IJ,13785899,3696.0,SIPO
32940,2400,MN,98761516,1640.0,SIPO
32944,2404,YZ,50743573,5488.0,SIPO
32946,2406,QR,54419815,3186.0,SIPO
32965,2419,ST,79840576,7984.3,UVER
32967,2421,YZ,66208350,1544.0,SIPO
32968,2421,MN,93932258,220.0,
32970,2422,EF,17186141,2809.0,SIPO
32971,2423,KL,35182595,1494.0,SIPO
32972,2423,AB,66884094,1317.0,SIPO
32973,2424,EF,92266177,14138.0,SIPO
32983,2431,KL,96937953,1243.0,SIPO
32984,2431,UV,92502820,236.0,
32989,2434,CD,94916831,2927.0,SIPO
32996,2439,ST,16428494,2096.0,SIPO
32997,2440,YZ,19144922,6219.0,SIPO
32998,2440,KL,30988913,661.0,
33000,2441,OP,53539413,4719.0,SIPO
33001,2441,ST,57518833,490.0,
33003,2442,AB,89339786,540.0,SIPO
33004,2442,IJ,67963898,1568.0,
33006,2444,OP,60390728,2931.6,LEASING
33022,2460,MN,22791433,435.0,LEASING
33025,2464,WX,54447740,2592.0,LEASING
33026,2464,ST,28556400,5555.0,SIPO
33032,2467,IJ,55811417,5332.0,SIPO
33033,2468,QR,32765186,2094.0,SIPO
33034,2469,IJ,48410499,2220.0,SIPO
33035,2470,CD,71474998,4511.0,SIPO
33036,2470,GH,17039579,2105.0,
33044,2473,IJ,16836262,1760.0,SIPO
33045,2473,IJ,87259512,236.0,
33052,2476,IJ,23237085,2854.0,SIPO
33059,2480,YZ,46494776,3022.0,LEASING
33060,2482,AB,35457408,7381.0,SIPO
33061,2482,KL,67559063,127.0,
33067,2484,OP,3728384,2343.0,SIPO
33068,2484,OP,83567636,538.0,
33073,2487,GH,18209791,1828.0,SIPO
33074,2487,CD,60394644,228.0,
33079,2489,KL,75944941,3854.0,SIPO
33080,2490,ST,36983788,3526.0,SIPO
33081,2490,MN,39699643,649.0,
33086,2493,EF,91739165,5375.0,SIPO
33093,2497,IJ,38673484,3970.0,SIPO
33094,2497,ST,83746605,1871.0,LEASING
33100,2501,YZ,82897442,524.0,SIPO
33101,2501,QR,42648118,3142.0,
33114,2510,EF,59125840,6922.0,SIPO
33115,2510,CD,54819261,92.0,
33122,2514,GH,46998095,4001.0,SIPO
33123,2516,AB,61216103,9721.0,UVER
33133,2524,ST,64186239,2550.0,SIPO
33143,2530,KL,33356398,99.0,SIPO
33144,2530,KL,76112597,4379.0,
33146,2531,KL,74343323,1614.0,SIPO
33150,2535,OP,1460,4273.0,SIPO
33151,2535,QR,20700508,90.0,
33156,2539,MN,2063680,1919.0,SIPO
33157,2539,MN,22129971,1904.0,SIPO
33158,2541,IJ,5857146,1822.0,SIPO
33159,2541,ST,76871382,2238.0,
33161,2542,UV,28103435,435.0,SIPO
33162,2542,AB,12512219,2637.0,
33164,2543,GH,60684478,2145.0,SIPO
33173,2546,ST,27307683,4896.5,LEASING
33174,2546,YZ,65769809,2985.0,SIPO
33183,2551,AB,68646061,2390.0,LEASING
33184,2551,WX,58459019,11601.0,SIPO
33186,2552,GH,17411059,7035.0,SIPO
33189,2555,QR,57132226,5464.0,SIPO
33190,2555,AB,73481118,2261.0,
33193,2558,CD,46043479,1982.0,SIPO
33198,2562,EF,27375477,2235.0,SIPO
33201,2567,OP,14598107,2574.0,SIPO
33202,2568,KL,34637659,5228.0,SIPO
33203,2568,MN,1379150,1086.0,
33208,2572,ST,86283236,7500.0,UVER
33213,2577,QR,745589,3347.0,SIPO
33215,2579,OP,96343248,2688.0,SIPO
33222,2584,OP,90582960,994.0,SIPO
33223,2584,ST,98448490,582.0,SIPO
33224,2588,MN,69929891,6509.0,SIPO
33227,2590,YZ,34911799,1300.0,SIPO
33228,2590,KL,50073719,660.0,
33230,2591,OP,4184359,3301.0,SIPO
33233,2594,GH,34011191,1189.0,LEASING
33234,2594,CD,21398240,10912.0,SIPO
33238,2597,YZ,16589868,1398.0,SIPO
33239,2597,MN,7596224,1957.0,
33241,2600,AB,15214342,4379.0,SIPO
33242,2602,QR,62890523,1332.0,SIPO
33243,2602,WX,59156989,4073.0,
33245,2604,OP,53184521,3965.0,SIPO
33254,2609,WX,66515242,4881.9,LEASING
33255,2610,QR,8855772,1842.0,SIPO
33256,2612,WX,2631092,2259.5,LEASING
33257,2613,ST,6268191,941.0,SIPO
33258,2613,GH,49477297,2154.0,SIPO
33259,2614,UV,83787446,2152.0,SIPO
33264,2619,AB,54822903,5454.0,SIPO
33265,2620,YZ,32839107,3855.0,SIPO
33266,2621,AB,59638219,2819.0,SIPO
33270,2624,AB,69800835,10744.0,SIPO
33275,2627,KL,30658924,1579.0,SIPO
33276,2627,YZ,29709238,561.0,SIPO
33277,2628,GH,64364433,3090.0,LEASING
33279,2632,EF,40250009,2042.0,SIPO
33280,2632,IJ,73459928,41.0,
33287,2639,MN,93859052,8633.0,SIPO
33290,2642,IJ,2104819,792.0,SIPO
33291,2642,IJ,37776649,571.0,
33297,2645,IJ,14088654,389.0,SIPO
33298,2645,OP,46016168,631.0,
33316,2653,YZ,49173659,6280.0,SIPO
33317,2653,CD,82124638,2310.0,
33318,2654,MN,88949298,3861.0,SIPO
33323,2656,OP,41066408,409.0,SIPO
33324,2656,OP,42664700,1718.0,SIPO
33326,2658,WX,70099252,486.0,SIPO
33327,2658,MN,3748625,1367.0,
33332,2662,OP,1110756,3625.0,SIPO
33339,2668,YZ,53599059,9884.0,SIPO
33346,2671,QR,40581232,1984.0,SIPO
33347,2672,OP,87283455,2111.0,SIPO
33348,2672,IJ,41447466,211.0,
33359,2679,AB,25353056,3842.0,SIPO
33360,2681,ST,19728160,4662.0,SIPO
33361,2681,IJ,27633780,1560.0,LEASING
33370,2685,CD,35602325,2576.0,SIPO
33378,2692,GH,59398072,3386.0,SIPO
33384,2697,GH,87258666,378.0,SIPO
33385,2697,GH,34090870,3142.0,
33390,2700,GH,2221990,5221.0,SIPO
33391,2700,YZ,95353859,6129.0,
33398,2703,AB,7336545,2082.0,SIPO
33403,2707,QR,17847508,3032.0,SIPO
33404,2707,GH,63447183,2546.0,
33405,2709,CD,63955408,1969.0,SIPO
33406,2709,UV,79388266,39.0,
33408,2711,MN,40865373,7300.0,SIPO
33409,2711,ST,19293779,871.0,LEASING
33412,2715,WX,67997187,1707.0,SIPO
33413,2715,CD,56625884,216.0,
33415,2716,QR,36398339,989.0,SIPO
33416,2716,UV,78199630,7456.0,
33422,2721,QR,69068598,1544.0,SIPO
33423,2721,QR,48024463,2200.0,
33428,2724,ST,4672384,6399.0,SIPO
33433,2726,EF,2342153,5297.0,SIPO
33434,2728,OP,99268948,2607.0,UVER
33435,2728,EF,96346175,11222.0,SIPO
33449,2738,CD,1114500,7762.0,SIPO
33450,2738,YZ,48380392,1152.0,
33455,2743,ST,1417857,3330.0,SIPO
33456,2743,GH,18241173,2811.0,
33464,2747,IJ,7507563,3826.0,SIPO
33466,2749,QR,23250580,14520.0,SIPO
33471,2753,GH,41750717,2768.0,UVER
33472,2753,MN,97449540,6869.0,SIPO
33473,2754,WX,6736475,6985.3,UVER
33474,2754,MN,10118246,2882.0,SIPO
33484,2761,IJ,99762063,6238.0,SIPO
33485,2762,EF,73534762,4641.0,UVER
33486,2762,UV,85078340,6892.0,SIPO
33490,2764,ST,22728401,1024.0,SIPO
33491,2764,ST,93326770,2382.0,
33492,2765,CD,33376592,5254.0,SIPO
33494,2767,UV,37215685,4664.0,SIPO
33495,2767,OP,32782268,1333.0,
33507,2773,WX,54261672,3354.0,SIPO
33508,2773,UV,95782577,154.0,
33511,2774,WX,60773050,3628.0,SIPO
33512,2775,EF,66799968,3455.5,LEASING
33513,2775,AB,56198441,8691.0,SIPO
33515,2778,OP,72472995,192.0,SIPO
33516,2778,YZ,18643141,5821.0,
33521,2782,IJ,16703307,2602.8,LEASING
33522,2784,MN,51967656,3307.0,SIPO
33527,2788,OP,74001586,3803.0,SIPO
33528,2789,WX,94019633,2965.0,SIPO
33529,2789,YZ,53360038,229.0,
33532,2791,GH,13939756,3215.0,SIPO
33533,2792,QR,24712276,2327.0,SIPO
33534,2793,EF,41871547,2301.0,SIPO
33538,2796,ST,33603441,3381.0,SIPO
33539,2796,MN,37211978,5291.0,
33544,2800,OP,95347153,8740.0,SIPO
33545,2801,OP,87508368,3524.0,SIPO
33547,2803,KL,18263268,1904.0,LEASING
33548,2805,IJ,21232450,2017.0,SIPO
33550,2809,OP,88213985,1764.0,SIPO
33551,2809,ST,59529948,6339.0,
33552,2810,ST,38680678,392.0,SIPO
33553,2810,WX,72857814,5828.0,
33559,2813,OP,75464439,798.0,SIPO
33560,2813,GH,57591462,4789.0,
33563,2814,QR,14418357,2627.0,SIPO
33567,2816,IJ,98916184,3933.0,SIPO
33568,2816,KL,33418482,644.0,
33569,2818,KL,61242389,1194.0,LEASING
33570,2818,OP,17903107,8947.0,SIPO
33575,2821,EF,85205876,3933.0,SIPO
33576,2821,YZ,58186644,2122.0,
33593,2831,MN,83744406,3586.0,SIPO
33594,2831,IJ,53561782,793.0,
33599,2834,OP,24967217,2515.0,SIPO
33600,2834,GH,82648515,1907.0,
33603,2836,CD,56261038,9472.0,SIPO
33611,2840,QR,79565185,3557.0,LEASING
33612,2840,EF,9861410,11282.0,SIPO
33614,2842,MN,19413084,358.0,SIPO
33615,2842,UV,64184588,930.0,
33619,2846,GH,17155772,2457.0,SIPO
33620,2847,QR,9167498,5185.0,SIPO
33630,2856,YZ,3529602,6599.0,SIPO
33631,2857,WX,60526561,6317.0,SIPO
33635,2861,GH,70139986,2613.0,SIPO
33636,2862,AB,80541097,1371.0,SIPO
33637,2862,CD,24443286,5728.0,
33638,2863,YZ,43436944,945.0,SIPO
33639,2863,QR,88193910,5223.0,
33647,2866,EF,53555941,5711.0,SIPO
33648,2867,EF,91818844,7523.0,SIPO
33649,2868,IJ,78688722,3306.0,SIPO
33650,2869,UV,37169212,2562.0,SIPO
33656,2873,WX,11313259,3615.0,SIPO
33657,2873,EF,63152539,2925.0,
33666,2881,YZ,90429490,4639.0,SIPO
33667,2882,MN,48702168,4441.0,LEASING
33668,2882,WX,76007932,8002.0,SIPO
33670,2884,UV,41624492,3854.0,SIPO
33676,2889,UV,95314317,3292.0,LEASING
33677,2889,OP,81463575,5038.0,SIPO
33678,2890,AB,53374159,2661.0,SIPO
33679,2890,ST,74552196,2992.0,
33680,2891,QR,1952332,4614.0,SIPO
33681,2891,ST,74825072,4928.0,
33685,2894,CD,24206251,3735.8,LEASING
33687,2896,OP,14075744,1852.0,SIPO
33688,2896,WX,62635773,295.0,
33691,2899,GH,887281,7503.0,SIPO
33705,2911,YZ,52539229,617.0,SIPO
33706,2911,CD,6411171,4389.0,
33709,2912,GH,80799913,6336.0,UVER
33710,2913,OP,76905709,499.0,SIPO
33711,2913,GH,18112695,2481.0,SIPO
33714,2916,YZ,28176665,2096.0,SIPO
33715,2916,YZ,12730980,635.0,
33718,2917,KL,62685650,6157.0,SIPO
33725,2925,QR,35286706,4297.0,SIPO
33731,2928,UV,24262804,3566.0,SIPO
33735,2930,UV,40203636,12032.0,SIPO
33742,2933,YZ,92012846,4542.0,UVER
33743,2933,MN,29096329,5907.0,SIPO
33744,2935,UV,54752987,2100.0,SIPO
33760,2944,QR,674886,2984.0,SIPO
33761,2944,MN,7655978,615.0,
33770,2951,YZ,2752936,743.0,SIPO
33771,2951,QR,88711630,1810.0,
33775,2953,MN,9888029,580.0,SIPO
33776,2953,UV,53719216,2848.0,
33778,2954,WX,47941517,8306.0,SIPO
33781,2957,UV,65183514,4640.0,SIPO
33784,2961,AB,60457706,606.0,SIPO
33785,2961,AB,11433631,1055.0,SIPO
33791,2967,QR,98696469,2666.0,SIPO
33792,2967,YZ,72003149,1042.0,
33798,2973,IJ,8758783,4373.0,SIPO
33799,2973,CD,26884633,212.0,
33800,2974,MN,42395120,1546.0,SIPO
33811,2979,QR,8953369,3494.0,SIPO
33812,2980,GH,92280965,3316.0,SIPO
33813,2981,CD,49108111,2022.0,SIPO
33829,2989,QR,70749723,3395.0,SIPO
33830,2990,KL,10709649,22.0,SIPO
33831,2990,GH,22984445,2704.0,
33837,2994,WX,20186478,3217.0,SIPO
33838,2994,WX,65474504,1354.0,UVER
33840,2996,ST,55056405,7282.0,SIPO
33841,2996,WX,21435213,15.0,
33851,3004,YZ,61573129,1522.0,SIPO
33852,3004,GH,60290586,1572.0,SIPO
33865,3012,YZ,76434039,2601.0,SIPO
33876,3022,GH,24765986,3170.0,SIPO
33878,3024,OP,72384530,611.0,SIPO
33879,3024,EF,13622033,1650.0,SIPO
33882,3027,MN,37909793,2631.0,SIPO
33883,3028,ST,81761723,2200.0,SIPO
33884,3029,ST,89893799,1514.0,SIPO
33887,3031,KL,53394967,2789.0,SIPO
33889,3033,YZ,42934656,605.0,SIPO
33890,3033,OP,9593081,192.0,
33897,3037,KL,19517636,7718.7,UVER
33902,3041,KL,96395837,130.0,SIPO
33903,3041,EF,49177348,1827.0,
33905,3042,UV,51078170,2884.0,SIPO
33906,3042,WX,17494821,3459.0,
33909,3045,WX,59194171,2366.0,SIPO
33915,3050,AB,71189987,6907.5,UVER
33916,3050,AB,72762232,9716.0,SIPO
33919,3051,WX,89318686,4104.0,SIPO
33920,3051,GH,55203390,184.0,
33930,3056,AB,36077541,868.0,SIPO
33931,3056,ST,67921972,2033.0,SIPO
33946,3067,EF,14703780,2604.0,SIPO
33947,3067,AB,61285483,1330.0,
33948,3068,YZ,6201172,3878.0,SIPO
33953,3072,WX,249654,5268.0,SIPO
33959,3076,WX,67460548,2715.0,SIPO
33960,3077,OP,91859578,3698.0,SIPO
33964,3080,UV,4152691,3359.0,SIPO
33976,3088,IJ,76251017,5866.0,SIPO
33983,3092,EF,57711619,2311.0,SIPO
33994,3096,CD,81572884,6446.0,SIPO
33995,3096,KL,64655774,65.0,
34004,3101,EF,52626574,1938.0,SIPO
34005,3102,ST,24365711,6722.0,SIPO
34011,3107,EF,71699601,2642.0,SIPO
34012,3108,UV,40014571,1560.0,SIPO
34013,3108,UV,61451268,482.0,
34022,3115,UV,94811379,5353.3,UVER
34023,3115,IJ,68203913,14723.0,SIPO
34024,3116,CD,74016618,9037.0,SIPO
34031,3121,CD,63130450,2902.0,SIPO
34043,3131,GH,1389563,9131.0,SIPO
34047,3133,IJ,62989395,3191.0,SIPO
34048,3133,ST,98308729,6327.0,
34049,3134,WX,32364529,3268.0,SIPO
34060,3143,IJ,86599880,4474.0,SIPO
34061,3143,OP,92271554,5454.0,UVER
34064,3146,OP,91693257,2122.0,SIPO
34072,3151,IJ,53186309,363.0,SIPO
34073,3151,EF,48056763,4081.0,
34074,3152,KL,22302586,6339.0,SIPO
34075,3153,WX,47472262,3175.0,SIPO
34076,3153,OP,43252468,2001.0,
34079,3155,KL,66843986,8704.0,SIPO
34080,3156,KL,10083705,1087.0,LEASING
34090,3163,WX,2153873,2221.7,LEASING
34091,3163,MN,79781448,2350.0,SIPO
34094,3164,UV,53459769,2971.0,SIPO
34095,3164,WX,37334716,433.0,SIPO
34100,3169,YZ,57548916,836.0,SIPO
34101,3169,OP,67546647,6674.0,
34104,3172,ST,38317006,1899.0,SIPO
34105,3172,EF,26548195,43.0,
34117,3182,AB,83704822,6455.0,SIPO
34118,3183,QR,52212673,3024.0,SIPO
34126,3191,ST,18965119,2774.0,SIPO
34127,3191,ST,47511076,3606.0,
34132,3195,KL,48782503,1599.0,SIPO
34133,3195,QR,58903491,1253.0,
34135,3196,QR,20193255,2389.0,SIPO
34142,3201,YZ,11025113,3352.0,SIPO
34143,3201,AB,88160776,2898.0,
34169,3218,AB,79115420,1449.0,SIPO
34170,3218,UV,42386043,667.0,
34178,3224,IJ,12458819,2583.0,SIPO
34179,3224,WX,54968285,1375.0,SIPO
34180,3225,CD,58175218,8030.0,SIPO
34181,3226,CD,54645806,450.0,SIPO
34182,3226,UV,33583200,2348.0,
34200,3238,EF,11093372,8109.0,SIPO
34201,3238,ST,45814847,793.0,
34207,3241,YZ,69585042,3034.0,SIPO
34213,3245,WX,34591257,3878.0,SIPO
34219,3249,YZ,65147852,8197.0,SIPO
34220,3249,GH,63599234,5677.0,UVER
34222,3251,GH,12013626,2021.0,SIPO
34234,3259,OP,14523250,912.0,SIPO
34235,3259,YZ,45163714,1350.0,
34257,3274,IJ,82867139,5775.0,SIPO
34260,3276,IJ,54098749,1722.0,SIPO
34261,3276,CD,4509616,929.0,
34271,3287,AB,77842962,6968.0,SIPO
34273,3289,ST,95194470,3419.0,SIPO
34274,3289,GH,75018042,3841.0,
34276,3292,QR,24686056,3170.0,SIPO
34287,3296,CD,53869980,5091.0,SIPO
34288,3296,GH,2751821,9248.0,
34289,3299,QR,50097662,4676.0,UVER
34290,3300,UV,49339282,7786.5,UVER
34291,3300,UV,88663518,6632.0,SIPO
34292,3301,AB,16176736,4956.0,SIPO
34296,3304,OP,36187023,4660.0,SIPO
34317,3316,IJ,74230772,9655.0,SIPO
34319,3318,EF,97567843,667.0,SIPO
34320,3318,EF,6951642,771.0,
34325,3322,OP,67021620,3421.0,SIPO
34327,3324,ST,36944615,2471.0,SIPO
34328,3324,OP,46396940,2146.0,
34329,3327,AB,65687149,1923.0,SIPO
34330,3327,EF,12969375,4270.0,
34336,3331,EF,11893606,3832.0,SIPO
34337,3331,YZ,15388948,1436.0,
34338,3335,IJ,89511143,2170.0,SIPO
34339,3336,IJ,52481698,2974.0,SIPO
34340,3337,KL,54129630,5743.0,SIPO
34347,3343,MN,51401966,2212.0,SIPO
34348,3343,QR,27868533,7661.0,
34349,3344,KL,21086722,8537.0,SIPO
34351,3346,IJ,52659970,2276.0,SIPO
34352,3346,WX,56243741,4930.0,
34353,3347,ST,24763751,2624.0,SIPO
34356,3350,QR,79860478,3661.0,SIPO
34375,3359,MN,58614808,2038.0,SIPO
34377,3361,EF,34121233,6154.0,SIPO
34378,3362,UV,25993234,7294.0,SIPO
34385,3366,UV,81127321,3964.0,SIPO
34386,3366,GH,24337905,1608.0,
34397,3373,YZ,67776107,5776.0,SIPO
34398,3373,EF,60809451,3435.0,
34401,3376,MN,78656208,6794.0,SIPO
34402,3377,QR,72621738,3240.0,SIPO
34404,3380,AB,38360536,4376.0,SIPO
34438,3405,KL,12718767,7543.0,SIPO
34444,3411,ST,92270415,6443.0,SIPO
34456,3415,QR,59051889,4178.0,SIPO
34459,3418,ST,23146361,4318.0,UVER
34466,3421,AB,66145115,8640.0,SIPO
34470,3424,ST,26565379,1379.0,LEASING
34471,3424,OP,73358708,4979.0,SIPO
34477,3427,YZ,62610715,9843.0,SIPO
34480,3430,GH,59314578,2426.0,SIPO
34481,3431,QR,92135792,8649.0,SIPO
34486,3435,WX,24808752,3090.0,SIPO
34492,3440,GH,44665473,7623.0,SIPO
34493,3440,UV,62948483,2066.0,
34497,3442,GH,78622638,2230.0,SIPO
34502,3448,AB,16375589,2860.7,UVER
34507,3455,EF,29934013,5622.5,UVER
34510,3458,QR,59860581,1153.0,SIPO
34511,3458,KL,39817977,1525.0,SIPO
34515,3463,QR,23059034,646.0,SIPO
34516,3463,AB,65683340,5186.0,
34536,3472,WX,49463623,9623.0,SIPO
34537,3472,OP,78649419,138.0,
34573,3492,ST,20670485,4485.0,SIPO
34574,3492,AB,556761,4962.0,
34577,3495,UV,9359574,5079.0,SIPO
34591,3506,MN,58155363,3562.0,SIPO
34592,3506,GH,59540486,4084.0,
34597,3512,QR,92828630,2063.0,UVER
34601,3515,WX,37745529,2563.0,SIPO
34604,3524,WX,74303066,3060.0,SIPO
34615,3536,AB,57065409,2589.0,SIPO
34620,3540,UV,51321852,2565.0,SIPO
34622,3542,ST,15109885,2267.0,SIPO
34625,3545,OP,99964111,7358.0,SIPO
34626,3546,ST,93214726,1658.0,SIPO
34627,3546,ST,36442333,4795.0,
34650,3560,UV,69438946,3350.0,SIPO
34656,3566,QR,38624727,294.0,SIPO
34657,3566,MN,22689193,3276.0,
34659,3567,EF,92374240,4374.3,LEASING
34660,3567,QR,29068303,1156.0,SIPO
34667,3574,WX,11223960,2328.0,SIPO
34672,3578,KL,34134709,4051.0,SIPO
34676,3581,EF,78509592,3663.0,SIPO
34677,3581,IJ,1107889,2846.0,
34678,3582,MN,35781991,1961.0,SIPO
34680,3584,ST,47541791,3382.7,LEASING
34681,3584,EF,46564525,12078.0,SIPO
34683,3585,CD,78560203,2862.0,SIPO
34684,3587,KL,50633436,1108.0,SIPO
34685,3587,QR,68455278,1059.0,
34691,3593,UV,49978005,4524.0,SIPO
34692,3593,ST,40100878,986.0,
34699,3600,OP,30949759,1537.0,SIPO
34701,3603,UV,31472325,7883.0,SIPO
34703,3605,AB,77193778,4410.0,SIPO
34704,3605,MN,2428693,269.0,
34710,3608,QR,97533720,4486.0,UVER
34711,3608,AB,49062126,3124.0,SIPO
34714,3610,IJ,97961097,1502.0,SIPO
34715,3610,MN,83137714,1133.0,SIPO
34721,3612,UV,61390018,676.0,SIPO
34722,3612,WX,4672742,2410.0,
34725,3613,AB,67434847,4030.0,SIPO
34726,3613,MN,62003463,2144.0,
34727,3614,WX,95418405,3382.7,LEASING
34728,3614,MN,28523504,1214.0,SIPO
34743,3623,OP,63441431,2490.0,SIPO
34744,3623,YZ,12989753,105.0,
34745,3624,GH,76964914,11953.0,SIPO
34768,3635,KL,61182141,2045.0,SIPO
34769,3635,MN,61283069,493.0,
34779,3641,KL,67058944,2163.0,SIPO
34783,3644,IJ,34674823,2304.0,SIPO
34788,3647,OP,97101318,5842.0,SIPO
34789,3648,YZ,23132455,1812.0,SIPO
34790,3648,ST,57323801,640.0,
34796,3652,GH,31254297,3005.0,SIPO
34804,3659,WX,60077226,1672.0,SIPO
34805,3659,AB,66256487,2862.0,
34808,3661,OP,83624249,3310.0,SIPO
34820,3670,UV,46954530,2961.0,SIPO
34822,3672,AB,42041498,2388.0,SIPO
34823,3672,KL,33347761,2957.0,
34824,3673,MN,41758221,1939.0,SIPO
34828,3676,ST,76132893,3319.0,SIPO
34835,3680,MN,24556887,1030.0,SIPO
34836,3680,UV,42364639,2470.0,SIPO
34838,3682,UV,41079390,2761.0,SIPO
34842,3686,OP,22078037,2054.0,SIPO
34848,3693,GH,36411053,8992.0,SIPO
34853,3697,GH,99985640,300.0,SIPO
34854,3697,KL,90743112,5632.0,
34857,3701,MN,4635501,2844.0,SIPO
34858,3702,ST,45320862,9650.0,SIPO
34859,3702,YZ,10236680,418.0,LEASING
34862,3704,YZ,11861372,3046.0,SIPO
34869,3710,CD,59793263,4633.0,SIPO
34870,3711,CD,24353820,7683.2,UVER
34872,3712,CD,80358522,2499.0,SIPO
34879,3718,WX,79798763,2107.0,SIPO
34880,3719,QR,49360007,3197.0,SIPO
34885,3724,YZ,86384850,2597.0,UVER
34892,3729,OP,52811223,2941.0,SIPO
34893,3730,OP,83157652,1944.0,SIPO
34894,3731,QR,48735064,1974.0,SIPO
34897,3735,IJ,95204364,6302.0,SIPO
34898,3735,GH,60675847,1173.0,
34899,3736,EF,75976282,3500.0,SIPO
34902,3738,EF,91961931,5750.0,SIPO
34907,3742,UV,34186905,2969.0,SIPO
34917,3746,KL,13736939,4353.0,SIPO
34918,3746,KL,7049614,556.0,
34920,3747,IJ,82686203,2389.0,SIPO
34921,3747,IJ,93115895,1827.0,
34924,3748,QR,77061086,308.0,SIPO
34925,3748,EF,10963404,1820.0,
34926,3749,CD,99050771,3904.0,SIPO
34928,3751,UV,58641087,110.0,SIPO
34929,3751,YZ,49654692,3046.0,
34940,3756,YZ,82284283,9023.0,SIPO
34945,3758,YZ,62182962,4009.0,SIPO
34946,3759,AB,45222652,1642.0,SIPO
34951,3763,AB,57082331,3232.0,SIPO
34952,3763,IJ,55779212,3623.0,
34953,3764,CD,8085334,2506.0,SIPO
34965,3774,CD,61108714,5745.0,SIPO
34966,3774,AB,76028048,2881.0,
34970,3777,QR,6119949,1039.0,SIPO
34971,3777,AB,91688686,1007.0,
34975,3779,CD,38576167,159.0,SIPO
34976,3779,KL,79480331,853.0,
34980,3781,GH,78370004,7701.0,SIPO
34984,3783,WX,49779665,3041.0,SIPO
34990,3789,QR,43976020,11244.0,SIPO
34997,3795,WX,49257469,2419.0,SIPO
34998,3795,CD,41867381,6679.0,
35006,3800,AB,68339317,1294.0,SIPO
35007,3800,OP,90384268,3634.0,
35010,3804,KL,84903490,5270.7,UVER
35011,3804,WX,32746297,643.0,SIPO
35014,3806,WX,51833760,3216.0,SIPO
35015,3806,AB,66113912,2478.0,
35017,3807,GH,5179399,4828.0,SIPO
35026,3813,EF,81887119,5645.0,SIPO
35027,3813,KL,81905740,895.0,
35037,3824,UV,61468034,6198.0,SIPO
35049,3834,KL,49577087,3114.0,SIPO
35050,3834,YZ,63132923,375.0,
35061,3840,CD,87679588,2559.0,SIPO
35062,3841,ST,99752336,440.0,SIPO
35063,3841,MN,55037939,1223.0,SIPO
35066,3845,WX,31715512,8866.0,SIPO
35067,3846,GH,312638,2016.0,SIPO
35072,3849,IJ,72727924,4447.0,SIPO
35073,3850,IJ,3844541,2037.0,SIPO
35074,3850,CD,34453201,5120.0,
35080,3854,QR,36950737,1290.0,SIPO
35081,3854,OP,59714329,930.0,
35082,3855,ST,32587927,950.0,SIPO
35083,3855,IJ,38085216,5578.0,
35087,3859,WX,17110729,5120.2,UVER
35090,3861,EF,32061487,4227.0,SIPO
35094,3863,QR,88157391,8504.0,SIPO
35100,3867,AB,21799749,5476.0,SIPO
35101,3868,CD,47142148,3259.0,SIPO
35115,3874,CD,51856213,5861.0,SIPO
35117,3876,UV,60230421,12056.0,SIPO
35118,3877,QR,32653641,3711.0,SIPO
35119,3878,OP,23655247,216.0,SIPO
35120,3878,YZ,38488340,1648.0,
35129,3882,KL,49302369,1608.0,SIPO
35130,3882,QR,87316327,379.0,
35134,3885,GH,4249543,1176.0,LEASING
35136,3889,KL,70547342,173.0,SIPO
35137,3889,GH,94921665,1767.0,
35141,3893,QR,80644279,1501.0,SIPO
35142,3893,MN,44051182,1534.0,
35150,3899,IJ,84541290,3069.0,SIPO
35153,3901,GH,92254411,932.0,LEASING
35158,3905,YZ,45596945,7689.0,SIPO
35160,3907,CD,56403291,5577.3,UVER
35166,3910,YZ,79231428,2673.0,SIPO
35168,3912,UV,99253552,1177.0,SIPO
35169,3912,KL,95519256,1551.0,SIPO
35171,3914,AB,39802485,6118.0,SIPO
35177,3917,CD,89179288,2362.0,SIPO
35178,3917,QR,63465010,2833.0,
35185,3924,KL,47621411,3093.0,SIPO
35188,3926,IJ,55667674,2232.0,SIPO
35197,3932,UV,38860297,1593.0,SIPO
35198,3933,YZ,1246595,1616.2,LEASING
35208,3937,KL,92072844,3385.0,SIPO
35210,3939,MN,57331061,5177.0,SIPO
35226,3950,EF,8577830,6955.0,SIPO
35227,3950,WX,71886944,1185.0,LEASING
35228,3951,OP,7565194,7284.0,UVER
35232,3954,MN,77104884,2014.0,SIPO
35240,3963,IJ,27212840,3477.0,SIPO
35241,3963,WX,88884788,95.0,
35244,3966,IJ,59096312,1754.0,SIPO
35248,3971,KL,30010575,9510.0,SIPO
35249,3971,UV,54464662,1026.0,
35264,3980,ST,74249100,1367.0,SIPO
35265,3980,QR,32205635,2264.0,
35266,3981,AB,83879112,1383.0,SIPO
35267,3981,EF,20137071,336.0,
35270,3984,AB,94890266,1803.0,SIPO
35272,3986,AB,78493797,3960.0,SIPO
35273,3986,WX,87679379,2649.0,
35274,3987,WX,32697832,4992.0,SIPO
35275,3987,QR,86586814,1526.0,LEASING
35287,3999,IJ,35235697,4806.0,SIPO
35288,3999,AB,48404151,2332.0,
35317,4026,ST,76516663,2620.4,LEASING
35318,4026,IJ,95854043,2618.0,SIPO
35334,4033,MN,70536905,1494.0,SIPO
35335,4033,OP,86237394,2808.0,
35352,4047,MN,39103245,2988.0,LEASING
35422,4091,YZ,45072424,4247.0,SIPO
35423,4091,ST,12956852,185.0,
35433,4099,AB,31954735,1926.0,SIPO
35434,4099,IJ,40898221,403.0,
35482,4134,OP,98212933,1171.0,LEASING
35483,4134,WX,37454885,5932.0,SIPO
35503,4150,ST,41463971,3006.0,SIPO
35504,4150,WX,91151189,1669.0,
35532,4171,WX,22916323,2611.8,LEASING
35533,4171,GH,90027188,14336.0,SIPO
35557,4186,EF,54694455,7028.0,SIPO
35558,4186,UV,72907602,894.0,LEASING
35565,4190,QR,51522499,2901.0,SIPO
35566,4190,MN,24471074,1100.0,
35649,4245,CD,5514008,4534.0,SIPO
35650,4245,OP,46815562,1663.0,LEASING
35668,4259,ST,4058731,3318.0,UVER
35669,4259,CD,73520475,9516.0,SIPO
35671,4260,EF,42941677,4075.5,UVER
35672,4260,OP,18079054,12006.0,SIPO
35680,4266,MN,21157777,9098.0,SIPO
35681,4266,QR,92455988,507.0,LEASING
35695,4276,IJ,57985192,2895.2,LEASING
35718,4293,GH,89613037,4561.0,UVER
35719,4293,IJ,75312357,4797.0,SIPO
35767,4332,WX,43657523,4609.6,LEASING
35768,4332,GH,21178984,7885.0,SIPO
35781,4342,AB,4569364,4172.0,UVER
35782,4342,KL,52346587,6135.0,SIPO
35791,4352,EF,6195903,3710.0,SIPO
35792,4352,MN,5816001,506.0,LEASING
35794,4354,MN,33371013,5461.3,UVER
35795,4354,CD,23047155,12756.0,SIPO
35796,4356,AB,75449079,1003.0,LEASING
35798,4358,IJ,36673987,2542.0,LEASING
35829,4386,ST,24428779,1590.0,LEASING
35830,4386,OP,82197737,11954.0,SIPO
35865,4408,YZ,89509248,3779.9,LEASING
35866,4408,GH,93220632,5156.0,SIPO
35932,4448,WX,57328462,5353.5,UVER
36008,4503,YZ,21099597,2819.8,UVER
36020,4511,WX,95965677,3948.0,SIPO
36021,4511,EF,87421154,798.0,LEASING
36053,4537,EF,82846194,1352.1,LEASING
36124,4585,YZ,64408206,4065.0,SIPO
36125,4585,GH,3908431,1347.0,UVER
36166,4616,GH,74167519,2778.7,UVER
36167,4616,WX,88828020,12260.0,SIPO
36341,4725,KL,46966421,4674.2,UVER
36342,4725,KL,77940284,13462.0,SIPO
36413,4774,EF,85673802,9689.0,UVER
36618,4907,YZ,25638538,3938.0,SIPO
36619,4907,AB,5604631,1253.0,
36679,4948,KL,70243751,5996.2,UVER
36680,4948,WX,39958155,4710.0,SIPO
36729,4981,YZ,61511546,4930.0,SIPO
36730,4981,GH,9506047,3736.0,UVER
36758,5001,OP,7923072,4588.5,UVER
36759,5001,OP,11451143,9292.0,SIPO
36799,5033,CD,73070150,1820.0,SIPO
36800,5033,QR,93854265,754.0,
36934,5120,MN,4935771,6738.7,UVER
36935,5120,YZ,26903707,3008.0,SIPO
37032,5180,WX,41377508,4897.0,UVER
37059,5196,YZ,95793395,6652.5,UVER
37060,5196,CD,22101694,7905.0,SIPO
37085,5213,OP,46268802,6687.0,UVER
37108,5228,OP,7177615,7242.0,UVER
37173,5267,MN,56727522,5388.5,UVER
37177,5269,UV,7043707,793.0,SIPO
37178,5269,OP,84263461,7260.0,
37323,5362,OP,24749118,4226.3,UVER
37324,5362,UV,18269801,6413.0,SIPO
37361,5385,KL,92821448,2489.3,UVER
37362,5385,YZ,67199128,8754.0,SIPO
37456,5442,CD,26435643,7281.3,UVER
37457,5442,EF,14627766,8110.0,SIPO
37520,5481,IJ,17114121,4358.0,UVER
37616,5541,UV,59490781,3114.0,SIPO
37617,5541,QR,48447573,648.0,
37699,5591,ST,19205475,3697.8,UVER
37700,5591,GH,38603085,323.0,SIPO
37755,5632,ST,84198254,4760.0,UVER
37795,5661,MN,80939536,1653.6,LEASING
37838,5692,AB,42425257,1653.6,LEASING
37964,5774,UV,69220012,1413.0,SIPO
37965,5774,OP,39872121,7143.0,
37995,5794,CD,1848161,2060.0,UVER
38118,5891,EF,95617645,5432.3,UVER
38166,5927,OP,95520770,1817.3,UVER
38326,6030,WX,18410075,1177.0,UVER
38338,6040,UV,45750951,2635.0,SIPO
38339,6040,EF,96697401,1321.0,
38375,6062,OP,96754401,5356.0,UVER
38376,6062,KL,65052980,10608.0,SIPO
38408,6083,MN,44330716,7518.0,UVER
38541,6158,ST,22791475,5165.2,UVER
38708,6273,QR,34498596,3639.5,UVER
38729,6289,GH,34028458,1784.5,UVER
38885,6397,GH,75494760,3016.7,UVER
38888,6400,OP,68610131,3016.7,UVER
38889,6400,OP,10098511,7320.0,SIPO
38930,6434,GH,56125944,4589.2,UVER
38931,6434,EF,10144585,4891.0,SIPO
38936,6440,UV,75896376,2881.0,UVER
38982,6472,QR,3375345,3597.0,UVER
39014,6495,OP,70482468,8606.0,SIPO
39015,6495,EF,70085698,8747.0,UVER
39033,6511,KL,72078418,1924.7,LEASING
39177,6609,ST,70020216,1671.0,UVER
39178,6609,UV,11188424,3881.0,SIPO
39303,6686,ST,36217254,4853.8,UVER
39324,6699,AB,40932357,2650.2,UVER
39325,6699,UV,79769712,7303.0,SIPO
39337,6706,ST,63843142,1982.0,SIPO
39338,6706,IJ,19147312,671.0,
39463,6792,GH,65384101,3520.0,SIPO
39464,6792,AB,20771622,49.0,
39646,6922,UV,54632151,5811.7,UVER
39648,6924,UV,50566107,4059.5,UVER
39649,6924,CD,76091629,4585.0,SIPO
39890,7082,CD,91626292,6359.0,SIPO
39891,7082,AB,93874412,1204.0,
39994,7136,ST,16474801,2059.0,UVER
39995,7136,ST,35699868,1080.0,SIPO
40034,7156,MN,60879224,2062.0,UVER
40071,7180,YZ,5624032,4156.5,UVER
40072,7180,ST,71244883,8089.0,SIPO
40158,7231,CD,3170419,2283.2,LEASING
40169,7240,WX,51813179,2535.7,UVER
40170,7240,QR,38210588,9136.0,SIPO
40226,7274,WX,91164630,4086.8,UVER
40227,7274,WX,33532422,4603.0,SIPO
40328,7401,ST,89597016,3372.7,UVER
40329,7401,QR,13943797,7266.0,SIPO
40381,7437,QR,79067885,2306.8,UVER
40382,7437,EF,2692229,6901.0,SIPO
40410,7454,QR,96140414,2306.0,SIPO
40411,7454,AB,52242457,471.0,
40559,7542,OP,63780206,3683.0,SIPO
40560,7542,UV,94022273,3389.0,
40635,7594,QR,61969953,2718.0,UVER
40636,7594,YZ,48485803,2302.0,SIPO
40671,7614,WX,54133033,6678.7,UVER
40675,7618,AB,12091774,2362.4,LEASING
40702,7636,KL,97231417,3532.0,UVER
40703,7636,CD,96037745,3077.0,SIPO
40827,7721,IJ,35142588,3788.3,UVER
40846,7733,EF,37232846,5836.0,UVER
40897,7765,IJ,74587321,2332.0,UVER
40898,7765,EF,75713848,8217.0,SIPO
40910,7774,KL,75218081,1002.4,LEASING
40975,7815,MN,67844575,7903.8,UVER
40976,7815,KL,1201522,1475.0,SIPO
40987,7819,KL,64831554,1953.0,SIPO
40988,7819,MN,77821957,733.0,
40999,7824,KL,63899862,7903.8,UVER
41000,7824,ST,63655739,2156.0,SIPO
41059,7857,WX,74962877,5676.0,UVER
41060,7857,EF,68440097,8157.0,SIPO
41064,7859,UV,4752576,6010.2,UVER
41111,7894,CD,54257065,4253.7,UVER
41112,7894,ST,28510761,4780.0,SIPO
41232,7966,MN,70140522,7887.7,UVER
41316,8026,GH,42597097,3563.0,UVER
41334,8039,UV,23606485,3900.5,UVER
41335,8039,AB,63169944,1074.0,SIPO
41406,8085,ST,4945105,4340.0,UVER
41407,8085,KL,18004334,916.0,SIPO
41415,8092,ST,92639082,6216.0,SIPO
41416,8092,QR,98730998,935.0,UVER
41452,8114,MN,69633596,5958.0,SIPO
41453,8114,GH,65448498,494.0,
41515,8159,WX,6845528,3034.0,SIPO
41516,8159,QR,17476857,1552.0,
41592,8212,AB,97101723,1280.0,LEASING
41652,8260,QR,25747537,6239.2,UVER
41746,8320,UV,30686378,5161.2,UVER
41747,8320,KL,9010935,9105.0,SIPO
41881,8405,YZ,84832042,410.0,SIPO
41882,8405,ST,21518677,4095.0,
41989,8475,EF,54853975,495.0,SIPO
41990,8475,WX,90749495,3833.0,
42003,8489,ST,2885187,3835.0,SIPO
42004,8489,GH,20661109,7370.0,UVER
42047,8519,KL,62055730,6224.3,UVER
42048,8519,IJ,12003517,13711.0,SIPO
42068,8533,YZ,84493583,3626.0,UVER
42084,8547,AB,64253020,4806.5,UVER
42274,8680,UV,42112159,2381.2,UVER
42275,8680,ST,96207493,3598.0,SIPO
42286,8688,WX,81943165,5665.0,UVER
42322,8713,ST,10424369,2845.0,UVER
42360,8742,MN,70177709,68.0,SIPO
42361,8742,EF,59493338,235.0,
42392,8759,ST,60727876,1562.1,LEASING
42414,8772,KL,85151469,1839.3,UVER
42415,8772,CD,19611203,7357.0,SIPO
42625,8926,ST,35869842,3912.0,SIPO
42626,8926,WX,2699643,2693.0,
42763,9017,IJ,66171890,2088.0,UVER
42779,9030,UV,55505740,2587.0,SIPO
42780,9030,YZ,49006336,831.0,
42942,9138,ST,11258626,4537.3,UVER
42943,9138,IJ,72567075,9519.0,SIPO
42946,9140,CD,64458685,9264.0,SIPO
42947,9140,UV,6970173,19.0,
42965,9153,GH,1709419,5042.0,SIPO
42966,9153,ST,27339548,1451.0,UVER
42976,9159,EF,35698783,6869.0,SIPO
42977,9159,QR,61719810,1847.0,
42990,9167,MN,98049097,4537.3,UVER
42991,9167,QR,15502429,4950.0,SIPO
43002,9179,CD,47917145,3583.7,UVER
43055,9225,YZ,44963038,3421.5,UVER
43182,9307,EF,53406888,3491.5,UVER
43183,9307,EF,84733318,4654.0,SIPO
43228,9337,CD,56037777,2172.0,UVER
43294,9377,QR,64104062,4164.0,UVER
43295,9377,QR,54912304,2758.0,SIPO
43327,9403,GH,93069415,3358.0,UVER
43328,9403,IJ,75850492,3225.0,SIPO
43375,9433,KL,67186093,1860.0,UVER
43469,9493,AB,57428258,3930.8,UVER
43470,9493,WX,47398895,6803.0,SIPO
43508,9513,WX,64432430,8319.0,SIPO
43509,9513,WX,37582862,1527.0,UVER
43561,9548,YZ,97789895,9613.0,SIPO
43562,9548,OP,54906487,962.0,UVER
43669,9631,MN,51593184,2476.8,UVER
43789,9703,KL,62426549,2467.0,LEASING
43821,9730,WX,53964394,258.0,SIPO
43822,9730,AB,9366584,4764.0,
43824,9731,IJ,58578437,3160.7,UVER
43825,9731,AB,50025022,4967.0,SIPO
43849,9750,OP,14637118,3160.7,UVER
43912,9790,UV,22918135,2791.0,UVER
43913,9790,EF,28873682,9210.0,SIPO
43962,9828,UV,86956995,5274.7,UVER
44009,9859,EF,18163144,5010.5,UVER
44010,9859,QR,24650532,1008.0,SIPO
44070,9897,IJ,58063542,3013.5,UVER
44071,9897,ST,84057002,1507.0,SIPO
44249,10022,OP,56197208,4542.7,UVER
44250,10022,MN,25915658,7678.0,SIPO
44272,10036,EF,60250908,4729.9,LEASING
44297,10049,CD,7603472,1609.0,SIPO
44298,10049,ST,95437645,1281.0,
44330,10068,WX,81110077,6483.7,UVER
44345,10079,YZ,33228176,2784.8,UVER
44373,10105,OP,27668351,5079.0,UVER
44412,10134,EF,12704295,5681.8,UVER
44413,10134,QR,69918125,9535.0,SIPO
44562,10233,MN,72738069,3985.7,UVER
44563,10233,WX,6003463,456.0,SIPO
44578,10243,GH,33131796,3151.3,UVER
44634,10280,EF,13051045,5802.3,UVER
44698,10320,KL,11919367,4328.8,UVER
44699,10320,KL,6873333,12414.0,SIPO
44765,10361,CD,64321249,7240.0,UVER
44836,10404,AB,3621232,2171.0,SIPO
44837,10404,AB,74571001,1203.0,
44894,10436,AB,4855519,1511.0,UVER
44923,10451,CD,58286762,2439.0,SIPO
44924,10451,QR,73621487,4653.0,
45022,10520,MN,4994863,6959.8,UVER
45210,10644,ST,68935322,7498.7,UVER
45211,10644,GH,87092184,11053.0,SIPO
45448,10799,UV,80825555,519.0,UVER
45455,10807,EF,29934013,5622.5,UVER
45536,10857,UV,47286009,6426.3,UVER
45612,10911,QR,35383486,3647.0,UVER
45613,10911,YZ,70292973,7312.0,SIPO
45717,10973,OP,88414823,3216.7,UVER
45800,11027,QR,81596547,2004.2,UVER
45801,11027,GH,23646575,3799.0,SIPO
45846,11054,KL,99520563,2482.0,UVER
45847,11054,EF,28344845,11506.0,SIPO
45885,11079,UV,40114671,8191.5,UVER
45978,11141,QR,68096905,3744.7,UVER
46193,11271,QR,24716264,1870.3,UVER
46194,11271,EF,69184708,5808.0,SIPO
46273,11327,YZ,5815422,3693.0,SIPO
46274,11327,CD,61814498,1632.0,UVER
46311,11349,KL,66436326,6998.0,UVER
46312,11349,GH,57291018,10886.0,SIPO
