actor_id,movie_id,role
5,135644,Himself
78,298650,
92,148840,Johnny 'Small Warrior' Lowe
150,185764,Michael
172,93958,Doorman
194,298650,Himself
249,236458,Vidal Gandolfo
270,129649,
373,300565,Spy
395,313179,The Patient
473,359887,
480,262072,Kaspar Andropolous
545,76709,
713,180738,
756,122957,Himself (interview segment)
784,65427,Jimmy
810,126447,Gerhard Schmidt
831,306490,Col. Moore
949,344269,Datvia
962,211847,
980,77910,
1019,84833,M.C. Announcer
1088,370013,Marco
1108,71633,Lefty
1176,44474,Gorilla Team
1232,10156,Restaurant Patron
1311,50137,
1311,103482,
1326,317309,Bonnie & Clyde Musical Audien
1388,18953,Man on Street/Voice Over
1391,67934,Maas
1407,300565,Abu Yussef
1440,30678,Hotel Tenants
1508,2685,
1526,313179,The Patient
1563,54321,
1599,228902,Parricide
1618,198348,Publiciste
1637,138478,Cummins
1694,270676,Il Glabro
1718,62037,Zaccaro
1722,23448,Man on Phone #1
1763,7164,The Prussian
1763,133995,
1769,276724,Peanuts
1792,323123,Engelhardt
1809,31204,Sioux Brave
1822,108994,
1859,2685,
1877,148840,Silva
1890,118548,Chuck
1891,199820,
1893,10648,Mancini's Man 1
1919,206476,Newhouse
1927,330241,Fred (Drugstore Clerk)
1960,270221,A film director
1994,253898,Guard
2003,98166,Albert Pettigrew
2003,253898,Prisoner
2003,278727,Bartender
2005,61384,
2024,307805,
2024,355745,
2035,225281,
2073,222636,Morris Banks
2078,116002,Missionary 3
2162,247576,Chauffeur
2200,308440,Raun Kaufman
2229,78882,Deputy
2251,195483,Donald Richardson
2264,190572,Cole Younger
2270,128440,Shell game player
2270,163485,Ed (building & looan deposit 
2270,203064,Shorty Bates
2270,249267,Manelli
2270,276724,Driver
2270,361638,Watson
2381,241629,Capt. John Gregory
2384,30277,Footman
2399,138822,The Banker with Chris
2407,308440,Raun Kaufman
2506,274000,Owen
2522,256116,
2557,89742,Detective supervisor
2583,278004,Townsman
2600,6082,
2726,118696,Editor at Lillköpings-Posten
2726,316909,Janitor at City Hall
2949,3277,Christopher
2966,79716,Truck Radio Announcer
2978,272956,Billy Dent
3049,340824,Frankie
3100,205292,
3140,117091,Locker Room Attendant
3225,76562,Lawrence Bowen
3267,212135,
3336,23448,Dr. Clete Ferguson
3336,280158,Tom Baxter
3355,302965,Principe Piet
3414,325995,Bartender
3451,373711,
3556,289332,
3566,88909,
3566,334651,
3709,212344,
3741,103482,
3805,108994,
3855,13182,
3906,354442,Smith
3971,297763,Kevin
3974,362112,Henry Pepper
4043,122448,Henning
4153,294479,
4212,349141,"Hugo Turhapuro, Uunon isä"
4261,102327,Mopoilija/markkinamies
4297,309829,Card player
4382,355810,Driver
4400,198026,Specialty Dancer
4421,58856,
4421,71948,Sergeant of Post
4464,59341,Count Van Tuyle
4464,240958,Robert Strickland
4465,42531,Barbershop Quartet
4548,37154,
4553,82756,Youth
4591,17375,
4591,359153,
4610,175496,Himself
4613,4198,
4637,296510,Fire Three 1
4654,296510,Kawai
4671,295505,
4758,109857,Frantic Father #1
4782,33826,
4820,161727,Weller
4824,157290,Cop
4846,39108,Sheriff Lobo
4846,67682,Ben Lane
4882,118,Himself
4893,58924,Chanakya
4893,228755,
4893,271903,
4893,273759,
4912,191305,
4941,180738,
4960,157342,
5007,83333,
5138,249885,Wiesiolowski
5142,79716,Venezuelan Delegate
5178,149322,Mark
5375,373798,
5434,58778,Bartender
5529,270724,Agent
5530,42140,Himself/Singer
5531,227685,
5538,232397,Man in Bar
5587,183728,Director
5587,362752,"Rigo, Restaurant Owner"
5599,204512,Morris Flint alias Sherlock H
5626,341973,"Theo, magiker"
5627,133995,Nico Tamasis
5661,44474,Plain Clothes Officer
5670,317309,Outta Sight Singer #1
5774,163485,Sam Wainwright
5791,88199,
5876,42531,"Robert Tyre Jones, Sr."
5890,301980,Bobby O'Brien
5914,55378,Juez de ronda
5925,2616,Agent Fanning
5968,287445,
6058,335287,Himself
6068,96332,
6069,205137,
6096,19298,Billy Shay
6131,278169,Director
6136,26019,
6206,149089,
6213,38813,Stevens
6213,195579,Court Attendant
6263,138822,Ryan
6265,366882,Searchlight
6341,60396,
6367,270724,
6379,156905,Priest on Bicycle
6402,244651,
6416,232668,Zotov
6448,246346,Himself (with Tsar Nicholas)
6478,129649,
6513,287445,
6513,355745,Martin Duran
6528,125682,
6534,138478,Maj. Ngo Doc (Cat)
6553,246861,Pajama Boy
6598,168725,Old Man
6619,270440,Johnathon Kipplinger
6630,35276,Little Dick
6630,169228,Tommy Josselyn
6649,311080,
6672,189982,Doctor
6679,95510,Man #1
6706,330514,Man at Railroad Station
6711,155209,Kelvin
6712,56861,Fat man in audience
6762,64078,Lionel
6762,171191,Radio Announcer
6772,206476,Howard Shipley
6809,264064,John Booth at 12
6828,231919,Assistant D.A.
6836,117091,Waldorf Pianist
6870,116193,Fritz
6870,145814,Henchman
6900,277949,Rippy
6936,223389,
6969,42633,Alcalde
6997,217216,Abraham
7025,200334,Himself
7029,104930,Ernesto
7112,135644,(himself)
7114,209034,
7141,137146,Gépkocsivezeõ
7170,374353,Milton
7215,197808,Mörner's Assistant
7218,377894,
7290,116985,Tone
7322,10550,Himself
7355,351402,Ali
7399,92555,
7422,179109,Porucnik
7558,84521,Patrick
7779,237568,Big Judson
7779,304801,Col. Doharney
7779,309476,Ambrose
7811,13742,Himself
7855,260327,Himself
7902,92112,Security Guard
7918,245642,
7930,302709,Sheriff Teasley
7966,141009,1st Smith (of Smith & Smith)
7966,278727,Fire Chief
8041,54657,Lenny
8152,239762,Rex Allen
8164,309829,Army corporal
8251,68027,Himself
8274,186416,Mojave Kid
8274,308898,Sheriff
8282,89742,Bartender
8359,338982,Himself
8365,62037,Snow
8410,127481,Policeman
8450,183741,Briggs
8568,334651,
8579,353240,Commandante Hernández
8599,84833,Ticket Taker
8617,247032,People of the Night
8714,7506,
8714,99245,Il notaio
8714,116496,
8721,118696,Mayor of Lillköping 2006
8725,369870,Himself - Winner: Best Film
8728,369870,Himself - Winner: Best Film &
8750,149904,
8757,316909,Man in City Hall
8768,377616,"Gábor, Anna's brother"
8844,279255,
8862,219853,Andres Camargo
8895,94593,Senén
8896,239010,Presentador
8963,262072,"Joe Blainey, the trucker"
9132,199820,Re Abdullak
9229,156431,
9246,182999,Marty Blitzer
9259,334153,Dogger
9310,80338,Jesús
9394,50137,
9431,96632,
9443,76127,
9443,116426,
9493,137685,Himself
9505,75696,Peppermint
9538,10996,
9538,119108,
9552,27682,
9574,224155,Race Course Extra
9617,212135,
9623,60396,
9624,116426,
9643,235889,Som Imaginário
9708,377118,
9732,156431,
9732,370636,Ibrahim
9793,262704,Finnish Teammate
9827,96403,Luis Llanero Macita
9935,29655,Barbara Parkins'Fan
10046,107681,Antoine
10066,102678,
10121,311500,Doctor
10136,330236,Blakemore
10200,195170,Police inspector
10241,225985,
10342,324609,Clem Fordrough
10351,223389,McMurtrie
10351,308603,Claude Joseph Rouget de Lisle
10368,134327,Himself (schoolteacher)
10371,14324,Presenter
10409,312521,
10437,334153,Go-Go Dancer
10443,377894,
10456,35586,"Amin, Amule"
10522,311500,Art Critic
10569,268549,Himself
10634,345096,Le copain
10674,5189,Guilherme
10730,300926,Tommy
10740,108600,Operator
10760,206630,Martin Madahas
10775,250609,Ramakant Waghamare
10776,98346,
10846,354212,
10877,293629,
10894,20357,
10902,182114,
10902,250609,
10912,17375,Bhatia
11035,221559,
11047,310027,Renato Flores
11063,151082,Ghost
11066,338262,
11127,117673,Sean Parker
11140,334102,Gestapo Sergeant at Desk at T
11160,102251,Speaker
11227,154284,Himself
11307,113363,Faher Halligan
11316,169041,
11323,189982,Junkie
11349,131974,
11350,243525,
11408,306324,
11488,332133,Dan
11501,245645,William
11548,69905,Himself (Medium)
11555,47632,Broncho Billy
11555,47659,Broncho Billy
11555,47682,Broncho Billy
11555,47713,Broncho Billy
11555,47717,Broncho Billy
11555,361783,Broncho BIlly
11576,66314,Sailor
11599,94128,Jed Walker
11599,114582,Eric
11633,230427,Arliss
11692,13392,
11718,105726,Thug
11733,224155,Race Course Extra
11836,38813,Defense captain
11854,297763,Wilkes
11865,299925,Alex
11881,263740,Archbishop Richard Rushman
11947,107581,Walter Medcraft
11948,276890,Crack Rider
11953,203147,Elmer Harris
12151,344269,Vajia
12159,202031,Vajfert
12181,320534,
12238,216542,Radio reporter
12246,211324,
12258,142378,Additional Cast
12328,299483,
12350,199086,
12356,345096,Le serveur
12358,90778,
12415,142378,Johann
12476,316047,Dr. Jekyll/Mr. Hyde
12488,118,Himself
12507,44408,Tom Phillips
12600,62280,Steve Banerjee
12631,105921,Alexander
12638,66314,Comdr. Hooker
12638,187691,Judge
12668,357445,Sgt. Yegorkin
12695,172463,
12695,275271,
12810,249885,
12825,67934,Pater
12902,292724,
12916,122957,(story '4444444444')
12929,33813,
12976,55901,
12995,26022,Son
12996,15221,Stephen Sleeman
13055,317718,The parish priest
13066,25851,Gangster
13149,169163,Dance Teacher
13210,328929,Casteller
13214,87497,Stéphane
13223,369230,Himself
13276,147378,Pepe
13285,313865,Himself
13328,60425,
13353,46064,
13406,182114,Avinash
13416,94128,Chief Ouray
13416,209660,Monte Rowland
13427,285696,
13517,369230,Rosey
13525,373515,
13535,57925,
13556,260900,
13562,220637,
13631,10316,Alex
13653,239816,Toby
13660,134327,Himself
13689,174026,Tradesman
13776,328748,
13793,365560,Sam
13811,129188,Barbarian
13857,190688,Removal man
13872,128145,Himself
13901,18953,Voice Over
13969,277949,Policeman
13970,87497,Le pianiste
13986,180612,Joja
14002,149904,
14005,328559,Tom
14021,113485,Joey Kovich
14033,133110,Magazziniere
14066,239816,Maki-moteh
14087,115745,Pascual Costa
14087,236435,
14103,58778,Locksmith
14114,140442,Rev. Abraham Hewlett
14147,79231,
14224,231970,Mr. Andersen
14293,69054,
14363,65386,Cherrie
14412,177756,Hydra King
14443,300481,Harumatsu
14461,175479,Curtis
14474,125859,
14519,306312,Red Eagle
14531,32692,Police Insp. John F. O'Hara
14531,41095,Doctor attending Pop
14531,335320,Asa Marsden
14531,355221,Maj. Ivanoff
14564,73442,Paul
14584,116002,Missionary 2
14693,260909,
14741,365220,
14828,374173,
14841,104930,Table #3
14859,345026,"Sam, le gentil flic"
14886,376122,Foreigner
14888,167200,Le ministre
14941,332696,
14957,108743,Didi
14969,307805,
14978,169698,
15016,169698,
15018,28702,
15060,370075,
15091,88324,Julio
15096,204045,
15184,298252,Shingo Kono
15224,12105,
15239,146564,
15271,269532,
15284,184233,
15303,38205,
15303,129135,
15364,53140,Anitas barn
15367,78031,David McGuinn
15372,179029,Pug
15379,276890,Patton's Roughriders
15383,54321,
15383,55378,Posadero de Utrera
15383,191581,Sr. Pinzón
15383,197473,
15397,63799,
15402,55901,Fotógrafo
15402,260940,Madrigal Blaudelle
15500,241031,Second Detective
15510,177521,Bill Summers
15528,224445,Richard
15588,26019,
15610,184233,
15619,236458,Official
15641,7198,Reporter
15682,182999,Desk Sergeant
15703,211322,
15708,101249,Le journaliste
15713,252036,Yniold
15736,177335,Undetermined Role
15795,96298,
15816,225820,
15863,369151,
15890,226198,
15894,95757,Niko
15938,27682,
15944,177335,The Duke of Albany
15944,367533,Walter Hartridge
16011,41876,Tony
16011,142985,Avram
16011,154054,Salvatore
16011,340824,Lenny
16086,330264,
16115,113363,Detective #1
16124,332633,Doria
16157,240516,
16231,364141,
16244,126504,Architect
16244,275291,
16320,178461,Beko
16321,33813,
16350,373515,
16364,13742,Wellness Guide
16364,56889,"Capt. John Yossarian, (bombar"
16364,157290,Jeffrey Martley
16370,5706,
16370,370636,Ali
16395,56297,
16412,298068,Capt. Colton
16434,356610,Voltaire
16488,262704,Reporter
16553,327016,
16587,131507,Mike Zaloris
16587,260224,Tony
16587,289556,Pietro (barber)
16614,274000,Wolff
16650,61824,Horace Craig
16669,94808,Lacourbe
16669,126504,Keith
16754,190688,Joe Elliot
16774,340810,Himself
16838,338982,Himself
16853,261530,Sid Roth
16868,254076,Marc
16880,64636,"Fandango, boss"
16936,325888,Messel
16944,266136,Nils
16944,353516,
17000,289556,Orchestra leader
17007,41843,
17013,277515,Comedy dance team member
17032,249267,Kennedy
17151,220637,
17174,19187,Ian
17195,315175,J.C. Berg
17201,3018,
17257,203479,Ernest Quimby
17299,260327,Host
17433,131716,Paul Bladon
17446,254076,
17481,351712,Spectateur myope
17507,225820,Arrelia
17614,94593,Don José
17680,76127,
17864,332133,Prison governor
17865,347341,Freddie Goodlittle
17944,14624,Michael
17948,100093,Junior Orderly
17991,46064,
18010,228902,
18010,248291,
18076,173651,
18090,211223,Mko
18114,8086,
18184,95510,Watchman
18185,140036,Algebra
18199,211223,Himself
18268,110283,Phil Jackson
18301,272619,Thief
18319,307425,Doug
18347,183728,Hood
18426,139503,Bill Dorgan
18517,127683,Capt. Kassari
18517,272534,Raff
18529,304300,Cortland Grand
18532,316123,Man
18588,1748,Himself - Winner
18610,222636,Chief Thao Ferris
18622,6936,Highway Patrolman
18622,266623,Sgt. Matthews
18644,336652,Policeman
18669,276838,
18679,328685,
18703,160625,
18704,197808,Dansbandet Dannez
18736,231919,D.D. Franklin
18781,111777,
18821,302965,Chinook Piet
18876,214517,Cmdr. Sarg
18910,288778,Peter
18919,261530,Passport Official
18966,309526,Rip
19059,2360,Himself - Presenter: Best Son
19104,1748,Himself - Winner
19147,66891,Roland
19186,42311,Transvestite Guy
19324,304300,Mark
19350,277964,Sheriff Brown
19350,296859,Soapy Jones
19408,46251,Himself - Party Guest
19408,105726,President John Fields
19457,297710,Ducos
19506,117456,Faust
19542,106493,Angry Man
19543,203097,British soldier
19573,246861,Pajama Boy
19598,325995,Dancing Bear Shopper 1
19607,276838,William Desmond Taylor
19608,244276,Otello
19608,352610,
19632,28059,Raizo Hayashi (Episode 3)
19713,98166,Tom Manning
19717,118094,
19720,140442,Gideon Hale
19723,275291,Nigel Marshwood
19723,297710,Capt. Peter D'Alembord
19804,334102,Rawitch
19873,68272,Dr. Ignatio Mobius
19873,187137,Janos
19873,365220,Jake Spence
19939,47309,Orderly
19939,145814,Farmer
19939,146010,The tourist
19939,167528,
19939,278004,Townsman
19939,303473,Barber Customer
19989,142985,Jack the Author
19990,351056,Himself
19993,17965,Scott
20109,292531,Councilman 1
20137,190572,Young Comanche
20162,347850,TWA Official
20197,171537,Mechanic
20197,312415,Director
20209,93443,Barmann
20268,46251,Ernest
20287,66891,Johnny
20290,7615,Donnie
20323,328685,
20342,241150,
20375,10648,Cop 1
20444,92556,Herr Franke
20444,325395,Erwin Sadowsky
20474,92112,Cop in Helicopter
20497,2721,Himself
20519,308603,Listener at Baron's
20555,313865,Himself
20568,155903,Toby
20579,200925,
20604,369255,Stone Cold Steve Austin
20619,62280,Chief Coach
20624,115045,Himself
20661,150792,Cop #3
20666,210432,Gene Autry
20688,354661,Simon
20748,69054,
20765,354442,Ottorino (Italien police comm
20795,241943,
20862,151675,2nd Junior Executive
20908,251434,On Street
20944,250881,Saghatel
21038,21372,Himself
21063,2616,Buzz Olin
21073,278697,Angela's Father
21174,13547,Porsche Driver
21265,269200,Señor Mendoza
21289,285696,
21313,352420,Cop #1
21362,346266,Himself
21374,30180,Baby Bop
21391,170857,Air Traffic Controller
21412,210206,Himself
21420,263173,Joe Reed
21431,127481,Manners
21431,162366,
21432,220916,Mr. Emmanuel
21432,272616,Prosecuting Counsel
21436,85028,Victor
21474,63799,
21483,10156,Angry College Student
21492,87542,Talmadge
21500,143924,Gen. Courts
21592,276545,
21634,227781,
21700,129135,
21719,63625,
21738,15093,Le présentateur
21862,137097,Liquor store clerk
21921,67958,
21932,377904,Modimbo
21996,309526,Cum Posey
22030,167353,
22187,30678,Casey's Date
22196,4407,
22203,288778,
22262,263740,Sergeant
22305,58856,
22344,304225,Himself
22365,201053,Prem Kumar
22376,377904,Renard
22561,241629,Dr. Girodet
22564,5048,Gen. Curtis E. LeMay
22582,223659,Himself
22585,95834,Jake
22585,305631,Antagonist in Automobile
22585,333493,"Henry, the Drunken Wagon Driv"
22585,362112,Newsman
22586,187249,Cowboy
22592,47682,
22603,228303,Presenter
22622,93958,Sgt. Robinson
22625,202240,"Juste Maldone, l'oncle"
22670,260909,
22746,92074,Un cameriere
22783,188995,Victima #2
22784,67060,
22784,100541,
22784,148719,
22821,14624,Abused Bouncer
22875,371133,Hwa Sam-yu
22896,371133,
22899,170139,
22916,161278,Himself
22920,213893,
22931,5048,Captain
22937,136509,Mr. Kringelein
22995,250795,
23047,131716,Jess Santiago
23066,28735,Badyakar
23130,190307,Jim Sargent
23153,7506,
23175,106493,Sean Kosinsky
23178,232417,Angry Driver
23219,99245,Un soldato dei dragoni
23223,40559,Fonctionnaire douane
23261,332935,Hans von Wunchendorf
23378,4536,Trip Hop Inferno: Virgil
23395,344547,Webster
23482,274450,McCarthy
23488,35255,Ryan
23498,359482,Tom Schmidt
23519,76562,J.C.
23536,287815,Homesteader
23546,35255,Young Ryan
23566,231330,Toy Store Employee
23598,323825,Thomas Mann
23604,323134,"Instructor, Additional Voices"
23610,89310,Spud
23632,112523,Jack Rhodes
23632,224188,Greed's Assistant
23685,166878,
23774,195483,Arnold Merritt
23793,177427,Projectionist
23798,162366,
23817,114842,Billy
23903,33293,
23928,344039,Krytyk
23973,315480,Clyde
24053,81605,Mr. Kurlick
24060,362752,Showalsky
24075,270440,Window Sniper
24088,107428,Hog-truck driver
24175,30277,Member of Parliament
24195,358875,Orlovsky
24236,116193,Fighter
24267,185516,11 Year Old Vince
24298,64554,Dwarf
24389,118937,Himself
24426,158216,Walter Beddoes
24445,294800,The Doctor 4
24446,137699,Denny
24448,185516,7 Year Old Vince
24476,183741,Dave Holmes
24476,306490,
24483,46104,Partizanskiyat komandir
24598,348671,
24608,367094,Various characters
24634,67784,
24641,140824,
24654,56889,Capt. Orr
24784,63625,
24982,156905,Morelli
24992,13392,Delivery Man
25019,60804,Gorilla
25034,352420,Bold Policeman
25088,214143,Mr. Sloane
25088,316123,"Dempsey, Garage Owner"
25090,107428,Max Kirkpatrick
25107,351632,
25126,192630,Jonas
25164,233829,Vince Fortner
25166,171310,Jenks
25174,367512,Traffic Controller #1
25194,348671,
25314,16397,Himself
25332,80500,Mike Billings
25366,19260,Maestro
25390,256116,
25491,57421,
25491,85973,Daniel
25510,204512,
25529,149322,Cuban Leader
25531,93443,
25539,100093,Lieutenant Truchaut
25632,83333,
25644,57508,M. Messardier
25697,191581,Narrator
25699,8583,
25716,139503,Announcer Sam Balter
25810,137146,Apa
25825,149642,4th Lt. Archie Kennedy
25848,296859,George (cowhand/musician)
25853,92555,
25869,222668,Judge Brooks
25938,128584,The Locksmith
26023,16397,Himself
26114,355810,Man
26143,370742,
26152,133110,Nicola
26152,278697,Rodolfo Calabrone
26188,304185,Studenten
26212,289671,"Agent (segment ""The Death Of."
26222,77910,Handoko
26241,291471,
26252,202667,Mauris
26276,95757,Læge
26298,294800,Himself
26299,241320,Announcer
26303,70588,The astrologer
26328,113485,Ollie Johnson
26348,315682,Strephon in 'Iolanthe'
26349,6936,Jack the Orderly/Lizardo Hosp
26353,299208,Vice Adm. David Wetherby
26465,70588,Gen. Polkan
26501,39645,"Brant, stock footage"
26634,175479,Claude's friend
26635,169258,Himself
26657,36482,Bibi Fricotin
26704,374173,
26715,377616,Bandi kollégája
26734,25633,
26734,173422,
26760,247032,People of the Night
26780,363441,2nd Agent
26935,108065,Bardolfo
26954,372433,Drive-in worker
26998,131754,Marek Malinowski
27045,337920,Tramp
27059,173318,Pedestrian
27144,209034,
27163,111104,Walter
27176,148719,Carl
27182,305609,King Adolf XV
27247,54999,
27247,125859,
27247,261617,
27313,256527,Man in Boat
27372,5189,Capanga
27373,344762,
27412,344039,
27428,191273,Paddy Callahan
27441,372433,Stretch Grass
27472,44338,Jack Gattling
27472,113894,Deputy Ike
27472,138223,Deputy
27472,239762,John Anchor
27520,336267,Cayetano
27522,328929,
27522,336267,Quinqui del billar
27528,248291,
27540,330241,Shattuck 'Shack' Clay
27546,374353,Bank Member
27574,218376,Ben
27592,236046,Himself
27596,48796,Paco
27681,107681,Janitor
27803,302114,
27837,351877,
27843,117456,
27876,131507,Oliver Yates
27888,170759,Dr. Jim Ransom
27997,261274,
28039,281448,Johnny
28052,278169,Pianist
28084,115943,Medfield Basketball Player
28116,247559,Louie
28125,116496,
28138,333245,Timothy Crouch
28138,358875,"Falke, the Bat"
28166,252787,Pere (Wild)
28176,206630,Policeman
28185,353516,Tom
28248,60246,Sam Wah
28248,351877,
28289,363154,Director
28297,314940,Backing Vocals
28299,72275,
28321,66584,Man in Corridor
28330,52015,"Pee Wee Simser, Outlaw"
28361,41006,George
28375,52015,"Sheriff Grady, Valentine Texa"
28382,220602,Himself - Band Leader
28398,186304,Allen Hayes
28461,77992,Bennie
28461,124343,Steve
28461,302709,Kewpie
28561,71948,
28573,81605,Little Man
28612,252914,
28644,48796,Inspector
28722,56522,El negrito - chico de goma
28757,38136,Hospital Roommate
28774,35594,
28878,340177,D'Artagnan
28913,8583,
28964,52036,
29040,105921,Bodyguard #5
29152,323964,Stephen Wallace
29174,54999,
29174,301175,Flaccus
29177,193801,Sam
29201,35276,Sir Richard Beverly
29201,169228,Gibbs Josselyn
29201,364834,Lt. Steven Pennington
29288,251553,
29385,164399,"Dr. Albuor [Chs.3,5,14]"
29385,203090,Clerk
29385,308643,Jolo
29482,334208,
29505,304029,Colby
29505,332803,Mr. Lodge
29506,194470,Timothy Lynch
29513,263965,Earl of Hertford
29587,291252,Warner's Son #1
29659,115943,Chester Hoenicker
29691,26022,Father
29707,123290,"Jim Benton, the Bartender"
29707,240457,Julian Northrup (Gramps)
29711,186416,Frisco Mays
29716,213368,Maldonado agente de Policia
29838,256527,Dumont
29943,337189,
29999,124343,Orvie
29999,333317,Orville Healy
29999,333493,Jimmy
30141,170857,Allen Shoenberg
30150,151196,Boy on Cliff
30202,39645,The Judge
30323,160625,
30491,46109,Determann
30530,266623,Mr Rabbey
30540,211826,Arjen Bhasen
30572,32031,Himself
30578,180612,
30580,149142,Gorodnikov
30589,270221,Yuzhakov
30663,361226,Eric Wood
30673,230433,
30692,46104,Johann
30761,274777,Le percepteur
30784,218688,Dr. Coutras
30815,115912,
30903,68266,Nod Soldier #3
30938,199074,
30941,88324,
30953,122402,L'ami de Cécile
30968,6194,Young District Attorney
30981,87122,
31043,205709,
31075,32031,Un musicien
31106,95135,Tardy Vent Student
31158,360027,West Mississippi Lineman
31159,177146,Victor Arthur 'Vic' Brown
31159,241150,
31197,213069,Henry McGrath
31197,305609,Bill Collector
31226,220317,Abner Harland
31234,143636,Mr. McGregor
31241,109857,Hospital Orderly
31264,143105,Mose
31329,369206,Batista
31349,307472,
31450,310262,
31457,169163,White Racist
31490,211847,
31684,367533,Count Fosco
31699,16887,Teddy
31776,354661,
31821,4536,Trip Hop Inferno: Performer
31843,132646,Apolo
31855,173318,Mad Dog
32031,325695,Gerichtsmediziner
32059,243363,Watcher
32365,363441,Lecturer
32392,360027,Student
32399,71633,M.C.
32505,131754,
32602,279255,
32615,330314,Jim Chee
32628,41843,
32631,48709,Wilson
32700,269666,Stephen Douglas
32743,76621,"Barlitz, Dan"
32769,60246,Col. Warren
32814,106443,Neil Byrne
32888,48709,Luthor
32888,89310,Stymie
32911,314697,Smokestack Sid
32936,314685,Preacher
32945,337607,Henchman
32957,75421,Skipper #2
32980,155209,Thug Leader
32997,141788,George Tesman
33078,202240,Le gitan
33201,185523,Lt. Fenton
33201,217977,Steve Clark
33217,315226,Insp. Gregory
33219,143924,German Sergeant
33222,71819,Vanderbrouck
33255,63851,La maître d'hôtel
33398,356853,
33437,61557,
33437,362875,
33458,150792,Priest
33458,367512,Bartender
33486,248539,Himself
33500,260380,Bluto
33596,248539,Himself
33599,67958,Robert Biberti
33625,145690,Doctor
33625,157252,Larry
33705,66581,Dr. Harold Landry
33811,75696,Vic the Brit
33818,252385,Tom
33819,108600,Agent
33912,21555,Head of Sales
34001,228303,Performer
34014,264936,Pianist
34049,277029,
34055,54320,
34065,171537,Castellan
34065,262219,
34156,274373,Garcia
34259,185523,Sgt. Calhoun
34367,171964,Himself
34375,309286,James B. Cotterell
34392,75739,Draganov prijatelj
34463,118937,Himself
34525,126447,Jan Baumann
34525,325695,Max Ballauf
34648,367681,Amigo Herrera
34744,211826,Dr. Robert Chapel
34763,109065,Wlodzimierz W.
34852,330514,Man at Railroad Station
34854,192345,
34855,53336,Arturo (orchesra leader)
34855,167528,
34855,209660,"Milo, the Dress Designer"
34856,362314,Undetermined Role
34984,301906,
35056,149142,MLM Soldier
35122,330951,Barnett Gibons
35236,44256,Rathburn Hand
35236,113894,Townsman
35236,191273,Henchman
35236,306862,
35306,305074,Mr. Casey
35312,187137,Raziel
35432,127100,Powerman
35452,207860,Mr. Chester
35465,292189,Carter Cavendish
35477,197569,
35491,187691,Sam the Surgeon
35573,305074,Drumstrings' #1 fan
35575,96632,
35600,84486,Elderly Man in Car
35616,74249,Fra Angelo
35654,259628,Jürgen Wittstock
35690,278310,Duque de Mantua
35694,270676,Ale Fabiani
35783,15093,
35795,243525,
35811,119108,
36011,91726,
36051,335287,Himself
36248,142164,Abbie
36298,230108,Net Keeper 3
36309,102838,
36353,115745,Argentino Gómez
36372,56054,Omar
36506,195170,Bestopaz
36587,357549,Sut
36614,82733,Dr. Angelo Scara
36620,82733,Rick Castellano
36626,12910,
36626,37000,Doctor
36631,42068,Gambler at dice table
36631,285713,Seated golfer
36636,9965,Jake Barnes
36646,362314,'Brad' Hamilton
36662,44408,Leon Jaworski
36662,210432,Slim
36662,330001,Bellhop
36662,337468,
36662,360166,Amos
36692,189466,
36699,189466,
36704,234457,Rudolf Kala
36752,128584,Janitor
36764,331117,
36764,342544,Greyson the Butler
36825,345026,Place Vendôme
36835,196241,
36980,369206,Himself
36990,6064,
37035,56054,Le mokaddem
37052,40427,Alfredo
37081,330951,Griffith
37138,224809,Dr. McAdoo
37215,49467,
37230,313432,Additional Voices
37240,30180,Shawn
37266,185592,Drowning victim
37292,291252,Warner
37318,192630,Martin
37376,314697,Boy #1
37410,261695,
37428,136509,Himself
37616,231818,Mike
37635,211324,
37710,90708,Franco
37734,47418,Ian Donaldson
37835,269979,Darren Mortlake
37906,205709,
37940,142164,Big Fats
38009,17304,Karol
38080,179109,Misko Krstic
38117,139996,Pyarelal (Havaldar)
38197,43023,Simon
38210,17304,Beres
38333,56145,Jack Hemmet
38334,82756,Christian Student
38383,302301,
38396,96332,
38413,293090,Narrator
38492,68272,Mendoza
38506,201667,Himself
38591,293624,
38599,172691,Barbosa
38785,122471,Leader of Swat-team
38787,122448,Mikael's childhood friend
38849,351712,Barman
38868,122321,Father of the brother of the 
38931,353030,Speaker
38984,175496,Himself
39003,67060,
39031,223478,Walter Gebhard
39033,220724,A Priest
39035,365560,Humphry Wills
39044,235473,Bruce MacNamara
39132,226815,Récitant/Narrator
39200,370075,
39206,377277,Reveillard
39314,35594,
39350,99962,
39370,40427,Doctor
39435,19256,
39437,221559,
39437,378432,Carterista 1º
39493,292310,Unidentified role [Script Nam
39529,156154,Vader
39529,226332,Karel
39538,296491,
39565,6194,Mr. Bonner
39593,217721,"Maurice Bellanger, son fils ("
39621,337468,
39763,98370,
39831,129188,Warrior
40075,340177,Bonacieux
40116,353195,Patxo
40171,315682,Rutland Barrington
40249,347850,Guide
40277,204878,Himself
40317,168725,Johnny Ostrich
40327,275656,Juleke
40359,189881,
40360,80330,Arnaud
40381,295210,Bus Driver
40387,58288,Judge
40495,167200,Le secrétaire de Me Presle
40529,69971,Spalanzani
40702,74984,Hubert Fondragon
40702,148737,
40846,265678,Teacher
40901,107827,Martin Mason
41072,332803,Sanford
41294,244276,Cassio
41300,90302,
41300,251828,Second Detective
41311,99918,Rupert
41316,360166,Doc Wiggin
41326,74984,
41436,313432,Robin Brady
41442,98370,
41450,287515,Robert
41458,332096,Fast Eddie Barstow
41478,118548,Mr. Parks
41631,288827,
41639,354886,Sebastian
41654,212736,
41659,98495,
41670,24796,
41736,28735,Shukracharya
41811,304225,Boss Glom
41845,344047,Uncle Tomczynski
41886,81082,Himself
41948,248889,Michele
41996,37825,
41996,262479,"Alfiero, Nina's brother"
42031,200478,Ruiz
42076,214143,Reporter with Tape Recorder
42076,331374,Sgt. O'Hallihan
42088,57421,
42116,56865,Bing Crosby Parrot
42127,264064,Dave Prescott
42162,171622,
42185,260940,Musician Jazz
42204,344762,
42231,278965,Eurimaco
42251,111768,Robert
42384,288252,Chief Dewey
42503,7615,Party Guest
42632,325397,Keusch
42659,339593,Mr. Fix
42730,315480,Explorer
42789,225882,
42822,366868,Peter Turner
42983,295210,Third Butcher
42989,120923,First Mate
43378,269340,Prof. Konrad
43535,177904,Hauptmann Menzel
43559,137097,Haraldur's son
43682,193504,Polizist
43757,39037,Andy Secrest
43766,341973,
43773,276938,Jews-Harpist
43847,334208,
43923,47116,Himself
43928,61265,Mr. Robinson
43928,123708,Mark
43928,231970,Monument salesman
43951,159075,Surender
43967,58020,Danny
43982,76350,
44040,357549,Storyteller
44082,4733,Stephen Douglas
44148,224445,Bartender
44207,64636,Legen
44318,321971,Count Schwartz
44472,276407,Human Resources Agent
44560,188336,Nightclub Manager
44560,342544,Feets
44739,263173,George Sartos
44740,173513,
44807,252974,Capt. Morty
44936,113115,
44983,366040,As Himself (Director)
45015,54657,Hare Krishna
45054,132892,
45062,132892,
45195,203271,Himself
45227,197503,Maxwell
45282,307987,Sir John Esmonds
45332,10518,"Bugs Bunny, Daffy Duck, Hassa"
45332,19298,Voice of Buster's Midget Impe
45332,56865,Sylvester
45332,139341,Bugs Bunny
45332,139923,"Bugs Bunny, Marvin Martian"
45332,254568,Officer Short Shrift/The Word
45332,306212,"Sylvester, Tweety, Mouse, Man"
45332,336767,"Pepé le Pew, Penelope, Street"
45333,198348,
45364,378432,Jugador 1º
45483,239010,Méndigo joven
45530,56522,Hombre lobo
45548,42633,
45549,327016,
45565,84486,Dr. Rosenblatt's Patient
45639,29663,Frank Downs
45689,178181,Interviewer
45757,16632,
45757,353195,Padre de Arian (Arian's fathe
45863,274777,Jasmin
45996,193504,Manni
46002,269340,Torture Victim
46033,80330,
46046,372312,Singing Tibetan
46102,114842,Visser
46110,276545,
46171,244651,
46188,103956,Himself (historian)
46238,40559,Kovacs
46238,376936,
46333,329974,Coy Cavendish
46333,344547,Tom
46378,183877,Hugo
46458,113115,Le colonel
46531,204878,Himself
46572,222668,Bobby Colvert
46587,218688,Capt. Nichols
46605,63851,Le vice-président
46683,276938,
46909,32692,Policeman
46909,164399,"Marlin [Chs.1-2,7,9-13]"
46909,303473,Kelly
46975,83862,
46975,132646,Hércules
46980,336716,Jim Coburn
47019,5825,Walter Jordan
47020,47717,Broncho Billy's Son
47067,76350,
47258,364093,Narrator
47710,17534,
47715,120791,Froschkönig
47721,142808,Voice
47738,16762,Arturo Carrera
47738,56424,Edward Bare
47738,266136,Claude Langham
47748,213069,Gar Boni
47764,343785,
47883,75739,
47909,3143,Driver
47928,214126,Antonio
47951,101249,Ernesto
47994,139987,Cap Hatfield
48005,227704,Iunescu
48036,189692,
48037,172691,Wöller
48037,189692,Herr Marquard
48091,258854,Monsieur Lepic
48113,37825,
48133,254315,
48177,235246,Simon
48210,21295,Himself
48253,166402,
48341,177146,Jeff
48374,161727,Orderly
48381,378466,
48420,213566,Duchotel
48442,189685,Käptn Gosseboer
48505,171191,Dr. Donald Flynn
48635,223478,Horst Kastowsky
48724,265678,Mr. Marty Weller
48732,106638,
48928,351632,
48977,55331,
49018,196221,
49078,190954,Blues
49124,76184,Receptionist
49166,20187,
49217,75705,Chetty
49290,200925,
49338,307472,
49340,42311,Poke Guy
49511,254315,
49564,285713,Tommy (henchman)
49593,106023,Drunk Partygoer
49688,343936,Vocals
49690,85973,
49690,269200,Mayordomo
49969,87344,Dining Man
50006,106443,Frank Palmer
50031,347309,The Detective
50244,179029,Policeman
50259,128440,Patron at The Frisco Follies
50260,53336,Chevrolet
50260,331374,Costume designer
50273,39108,
50355,325943,Herr Kopplinger
50664,28702,
50764,24364,
51094,151082,Ghost
51161,20912,Mortimer Brewster
51266,320534,
51282,180951,Inspector Milton
51319,366868,Edward Edwards
51537,71757,Billy Bladerson
51537,355337,
51561,7198,Detective
51561,42068,Policeman in patrol car
51561,330001,"Sam, the Radio Car Driver"
51631,203064,Rio Mason
51693,314940,Trumpet
51739,319921,Joe
51740,141495,Himself
52121,370013,Alain Berrebi
52131,287494,Selim
52184,258303,Jimmie Mullin
52292,332935,Jacques Vermorel
52314,106023,Wedding Pastor
52357,112830,
52448,281790,
52523,15221,Ed Grilli
52579,153752,
52579,175068,Valid
52923,333194,Crank
52951,139987,Randall McCoy Jr.
53250,350181,Schilt
53338,258854,Rémy
53353,278310,Rigoletto
53471,106638,
53534,261617,
53567,43875,Kevin
53587,203097,Rene Goudin
53733,371633,Bearded Crime Boss
53784,307987,Publisher
53816,234128,Narrator
53905,272195,
54045,331117,
54122,298068,Jerry
54313,137685,Himself
54325,199074,
54326,3018,Train Conductor
54364,171310,The Boss
54385,23318,Himself (interviewee) : LML m
54387,151675,TV Board MemberJunior Executi
54423,240457,James Northrup
54447,197506,Service Johnson
54523,269666,John Bretton
54574,68538,"Pat, Sons of the Pioneers"
54574,138223,"Pat, Sons of the Pioneers"
54620,41876,Fred
54727,304029,Jackson
54802,232417,Co-Worker
54808,147567,Reditelj
54936,244316,Iago
55029,224809,Man in Bedroom
55046,290029,
55056,97030,Judd
55065,189685,Mixer in der Cherie-Bar
55069,171964,Narrator
55160,138506,
55174,141495,Himself
55174,209597,Himself
55242,287815,Hook
55421,151823,Franz Picot
55425,25851,Mr. Gibson
55483,316898,The Boy
55616,285768,
55725,150398,Leo (Anemian chauffeur)
55731,377118,
55875,311080,
55908,198205,
55910,213368,Notario
55917,51233,
55917,54320,
55968,96403,
55977,304543,
56063,286106,Baritone
56130,195579,Francis Bacon 'Beezy' Anderso
56298,89143,
56329,194868,Col. Brooks
56444,334621,
56454,188995,Hampón conductor
56482,33105,Tankwart
56482,138506,
56603,334378,Lee
56655,199086,
56706,330314,T.J. Pedwell
56772,324385,Steve
56790,86963,Jimmy Raine
56791,203090,Deputy
56809,346840,Harvey Townsend
56873,87542,Bartender
57039,377899,
57172,299531,Thug
57413,292310,Phil Corrigan (Secret Agent X
57509,118147,
57632,16762,Father Idelfonso
57665,149642,Marine Sgt. Whiting
57783,4733,William Herndon
57799,196688,Professor
57801,73482,Poole
57801,280158,"Dave Harris, recorder of deed"
57864,75864,Bait
57964,369255,Himself
57972,358484,Russell Whitehead
58154,303872,Business manager
58187,225929,
58247,165916,"Himself - Former Mayor, Farum"
58309,103956,Himself
58395,227685,
58447,230427,Pyramid
58556,75421,Tyler's Buddy #1
58579,38810,"Lord John Cardew, Bishopof Ri"
58579,263965,The King
58600,333317,
58649,59302,Himself
58656,95135,Steven
58696,124903,
58773,338271,Chuck Brenner
58809,309286,"Joe, the Detective"
58849,71006,
58881,38,
58883,179798,
58899,123708,Alan Avery
58926,218825,Jean the Dog
59004,72498,
59004,260224,Dan Ward
59005,368202,The Attorney
59006,288252,Rector
59089,139458,Bradley
59143,258303,Beggs
59179,145936,
59183,139458,Dusty
59225,67682,Station Man
59252,56861,
59303,303571,Rickie Cass
59431,74305,
59659,176984,Electrician
59661,365459,
59739,306001,Captain Rock
59878,274373,Warshofsky
59905,213468,Additional Voices
60010,271355,
60082,340530,"Wesley, Texas Pool Player"
60083,175546,Honoree
60107,155903,Del
60119,241320,J
60170,80821,Mr. Daniels
60191,189989,
60201,324040,Bettor #1
60251,171234,John
60279,131431,Tom (15 years old)
60354,267530,
60442,194690,Farmer with Shotgun.
60442,333245,Bill Jordan
60444,114839,Matt Hollister
60460,324040,John Henry
60479,290350,Himself
60588,90379,Johnny
60620,21555,Horace Gallagher
60638,370567,"Jan Hagnerg, Gunhild's Uncle"
60761,189989,
60902,77992,
61045,308643,Native
61045,367040,
61053,124903,Jean/Pierre
61110,275656,
61279,91726,
61281,302882,Larry
61333,306001,Elmer
61391,194690,
61425,355722,Gaetano
61428,140824,
61452,317718,L'oste
61574,246346,Himself (consults with anothe
61623,252974,Uncle Delco
61692,139341,Elmer Fudd
61739,230258,Detective Nash
61806,247907,Za Za Right
61818,292820,Barry
61880,3277,River Street bartender
61945,352872,
62079,101444,
62089,46109,Haske
62325,272956,Sam Todd (Rawhide stationmast
62332,68266,Additional Voices
62498,110283,Tim Hardaway
62535,83527,
62634,47309,Windy
62712,44338,Townsman
62744,95975,
62775,190954,Yuri
62833,236046,Himself
62841,364141,
62971,334621,
63266,147567,
63299,325943,Inspektor Hollocher
63454,319921,Paul
63466,287133,Bobby
63543,88909,
63723,75289,
63723,368202,
63803,252301,Bit Part
63811,38,
63935,299208,Sub Lt. Mickey Wetherby
64164,365459,
64274,80500,Knocker Parsons
64274,336652,
64325,65044,"Luther Rolf, the peace advoca"
64434,36565,Overworked Student
64474,186304,Undetermined Role
64800,329974,
64807,44256,Sheriff Cleamons
64807,220317,Mountain man
64810,260292,Professor Fuller
64810,337920,"Tramp, (Uncredited)"
64841,128333,Joe Gold
64866,141009,Marshal Harrison
64866,169047,McMahon man
64866,239398,"Sheriff Henderson, Jimmy's fa"
64866,347309,A Policeman
64879,292820,Benjamin Hewitt
64923,8086,Letham Unit
64947,2321,Cliff
64974,163568,Steve
65051,330405,"The Coroner (segment ""Thing i"
65085,177427,Attendant
65342,72544,General Knowledge/Chicken/oth
65367,127080,Rusty
65389,38136,Billy Peoples
65455,128333,Hodder
65549,231675,Ernst Kohler
65603,295087,
65634,261998,Ted Jackson
65690,307425,Lt. Ronald Jamieson
65714,94610,Canby
65751,168448,
65809,235473,Hunter
65872,12910,
66085,107046,
66091,254568,Whether Man
66091,298202,Loopy De Loop
66091,339616,Chilly Willy
66234,93089,
66242,342014,In Bar
66243,80821,Young Roughneck
66262,344047,Priest Sposs
66334,289266,Undetermined Role
66450,290524,Portier
66479,263720,Carlo Danieli
66487,39037,Don Murray
66509,18391,
66519,35586,"Byamugisha, Ivan"
66576,127100,Powerman
66623,165970,Farmer's Son
66640,173680,
66640,217216,Nachman
66784,20968,Introduction (English version
66894,188336,
66903,112523,José Cortez
66948,241031,Butler
67027,322016,Feuerstein
67082,283061,Bernd Helwig
67133,48176,Le réceptionniste de l'hôtel
67254,234128,Narrator
67269,290524,Mercedesfahrer
67281,338422,
67283,325456,
67337,358230,
67342,323123,Reimers
67467,358230,
67535,51233,
67544,137699,
67710,295040,Sergio
67954,303571,Mitch
67999,114679,Young Joe
68048,340530,"Walter, a Pool Room Patron"
68080,101868,
68130,295505,
68193,194868,Lt. Tom 'Soapy' Cooper
68337,346661,Grandfather
68463,112591,Sir John Selinger
68572,183877,Cavanaugh
68658,281790,
68775,88199,
68923,159075,David
68955,240958,Glover
69000,294587,Don Larson
69053,78882,Defense Attorney
69116,342147,Inspector
69161,61265,Harold Crandall
69166,111104,
69328,80702,Rick Spencer
69430,5904,Milton Stafford
69430,346840,Burglar
69530,180951,Kandur
69555,18391,
69734,269532,
69746,83527,
69963,19187,Ty
70048,227781,
70098,175740,Dr. Henry Sabbatical
70116,236435,
70206,3143,Walker
70209,81082,Narrator
70282,201667,Ash/Himself
70289,247907,Za Za Left
70359,169440,Son of Jubbal
70539,197506,Aloysius
70620,169440,Son of Jubbal
70635,169047,Bill Minden
70635,289266,The Villain
70789,196764,Niño
70854,19686,
70890,370117,Blanchard
70963,292724,
71215,125272,Pai
71514,112085,
71578,146564,Francisco
71590,250795,Diogenes Bravo
71623,210206,Himself
71746,83594,
71805,362380,Tony
72194,118853,Himself
72227,202266,
72267,242044,Mr. Timms
72331,351527,Clara Bower
72453,367681,Sergeant
72520,176984,Ben Seltzer
72672,9965,"Charlie, Quincy Air Service"
72704,29548,
72712,310027,Don Florencio
72753,207011,
72901,324609,Joad Wilverley
72912,196221,
72912,319771,
72954,29893,Cheyenne Harry
72954,123290,The Cowpuncher
72954,196235,Sky High
72971,2360,"Himself (co-presenter, Art Di"
73062,82266,Joe
73325,370117,Camarillo
73359,125682,
73891,193540,
73898,328748,
73926,241616,
73929,165970,Jan's Boyfriend
73992,351056,Himself
74080,159326,
74181,127080,"Carlos, Duke D'Alva"
74181,127118,James Clancy
74268,82266,Dixon
74334,178181,Himself
74346,185162,Jocker
74353,48730,Buddy
74450,43875,Dr. Warren
74450,292531,Great Owl
74451,94808,D'Hubert
74451,245135,Dan Scott
74451,361226,Carroll Barber
74626,376810,
74674,347083,
74684,116516,All (hood)
74735,308157,"Thomas Leigh, aka Dorgan"
74746,300926,Man
74856,116325,
74856,345678,
74984,20497,Andrei Kastor
75060,318810,Joe
75140,276761,Chief Commissioner
75151,97030,Marlo
75163,64554,Chief Eagle Eye
75184,351527,
75350,5360,Chief
75367,336716,President P. Nuts
75384,191659,
75391,163919,Isaac
75501,140010,
75543,65477,Sheriff
75686,332696,
75768,99316,
75883,72544,Right Ventricle
75883,203271,Himself
75898,190345,Montaine
75936,79612,Randy's Boyfriend
75964,193801,Francisco
76114,205137,
76300,69971,Andrès/Cochenille/Frantz/Piti
76338,247576,Wendell Weaver
76388,75687,
76395,5360,Gordon
76395,360909,Roland
76578,197569,
76728,10341,
76729,247559,
76734,7164,Ambassador
76797,337607,Man with strongbox
76862,289671,Dennis Frye
76863,218456,Manolo
77080,189881,
77226,262479,A UNESCO agent
77245,328559,Truckdriver
77437,293362,Camilo de Aguilar
77772,65427,Himself
77784,212315,Tony Mezzo
77848,328878,
77857,293362,Félix Fefnández
78273,302882,Father Carmichael Drake
78341,169830,Hat vendor
78341,214083,Chief
78353,355221,Capt. Orloff
78367,107581,Mr. Wilson
78445,89143,
78455,198026,Fencing Instructor
78597,230108,"Rubick, Arman"
78674,224975,Locutor
78687,101868,
78725,248889,
78773,136252,Lord Bart
79179,163568,Steve's friend
79321,312521,
79529,157252,Tony
79535,90708,Massimo
79595,93888,
79844,228755,
80019,190345,
80077,37000,Johnny
80082,320165,
80126,285900,
80160,351402,Hal
80194,178188,Editor Needham
80408,131431,Billy
80560,71819,Priest
80595,285597,Père de l'enfant
80597,27796,Hui Lok
80651,27796,Jerry
80684,201867,Himself
80922,75705,Mr. Jacobs
80930,245645,Police Sgt. Peters
80936,367441,"Sweet, a Waiter"
80958,217977,Policeman
80974,28690,
80983,202895,Hugh Conway
81046,110829,Tod
81403,340810,Himself
81460,358484,Lane Dodd
81579,65386,Traveling Salesman
81594,230433,
81830,75864,Brush Brody
82027,158216,Patrini
82173,169830,Director
82173,296491,
82185,306324,Murdo McFarlane (prologue)
82337,261274,
82433,309476,Richard Newton
82511,306851,
82733,145690,The Kidnapper
82733,247040,The Pirate
82802,28912,L'enfant
82934,157342,
82935,352610,
83040,48435,
83109,198648,Ma Yung Chen
83114,52445,
83126,3454,Liu Yunpu
83282,198648,Champion #4
83300,286978,Dr. Mark Chow
83442,289870,
83491,173651,
83543,87122,
83598,361304,John Powys
83613,3564,
83645,315162,Ship's Purser
83826,61992,
83840,371633,Kit Sung/Billie
83908,100285,
83929,150136,Sherman
83987,16315,Angelo Xiriball
84075,300481,Teizo
84117,342121,
84121,332281,
84269,336070,
84307,63757,Gaetano
84346,102678,
84500,299531,
84581,326525,Rudolfi
84718,316879,
84721,175889,Gopi
84878,302898,Zheng Cheung Gong
84966,109065,Grzegorz H.
84973,167480,Watanabe-kun
84990,36565,
85005,215435,
85080,63488,
85080,168889,Jeong-shik
85080,217352,
85179,165144,
85626,207951,Cowboy Leader
85854,187249,Jamie
85953,356853,
86115,273919,Herself
86159,252285,Will Duncan
86356,128145,Themselves at the Hi Hat Club
86426,3564,
86427,285597,Nat
86462,48435,Himself
86473,58020,Cheung
86580,47713,Quick-Draw Kelly
86625,370399,Himself
86721,251553,
86735,96298,Ranchero
86735,198205,
86744,353240,Dueño de la Fonda
86749,52036,El Estilos
86749,357505,
86812,347791,
86890,106318,
86905,333194,Zip
86944,154054,Joey the Pin
87011,359588,Vicaire
87248,291471,Drunk citizen
87291,275271,
87493,56145,Reporter #2
87660,112830,
87687,61384,
87764,86963,Messenger
87778,107046,Mr. Bradford
87794,111768,1. Artist
87852,218799,Newsstand Man
88023,361638,Scrub
88027,74011,Principal Freeman
88068,323134,Additional Voices
88069,331935,Dredge Captain
88185,232397,Bill
88239,54534,Billy
88411,301092,Mime
88581,37154,
88581,79884,Warren Rogers
88581,363673,Lagdon Van Kreel
88647,16315,Angelo
88821,61642,Mike Preston
88827,342147,Karl
88862,200334,Little George the Photographe
88879,343936,Bass
88903,267484,Peter
89093,292189,Peter Cavendish
89096,80702,Boychuk's Lawyer
89139,332081,Manuel Garcia
89149,191672,
89161,338736,
89285,216542,Blackmailer
89331,274871,Himself
89332,136048,Cass
89502,61382,
89717,299747,Himself
89743,90302,
89951,106893,
89951,300071,
89970,203479,Lt. Ed Cullen
90044,205669,
90116,122977,Himself - Singer
90279,301299,
90366,218456,
90370,112587,Larry O'Donnell
90390,257877,John Hayward
90496,213566,Bridois
90512,102227,"Erich, Parapsychologe (Friend"
90564,218799,Pawnbroker
90613,252787,
90626,335316,Thorpe Brother
90650,196040,
90650,230818,
90714,235246,Yoyo
90888,326224,
90890,185764,Officer #2
90935,72498,
91168,99316,
91607,143658,
91731,264936,Barman
91796,304875,The Figure
91831,240516,
92022,15014,
92151,360821,Devil
92589,98913,Clark Kent/Superman
92674,376936,
92731,376810,Aurelio Castro
92785,196764,
92857,29550,Sam
93041,165418,Desert Rat
93044,23553,Dr. Ek
93257,302003,
93325,172303,
93410,244910,
93414,288679,Jackie
93415,236681,Nicholas Brent
93568,65493,
93568,224188,Cameraman
93594,309574,Lonely Man
93599,109654,Lord Adolphus Villiers
93724,367094,President
93753,61557,Walter Stoddard
93880,36733,Himself
93897,241894,Jack Hanlon
93928,38022,Announcer
94231,107928,Kinky Kitty Couple
94284,166878,Vincent
94571,114839,Village Indian
94608,304080,Skippy
94651,31204,
94806,41095,Dancer
94806,94610,Pinkey Fripp
94997,197503,Dr. Wilkins
95006,112514,
95037,316047,
95125,11079,
95127,241235,
95173,338736,
95181,282668,Her Brother
95246,23553,Samuel Leventhal
95651,332096,Chain
95688,192814,Le Voyageur
95942,143861,
95965,93294,Henry
96147,171384,
96245,111777,Jules
96296,78031,The Weazel
96296,245078,
96391,213468,Additional Voices
96489,347791,
96509,156154,Fonne
96509,199527,
96797,136252,Clarence Phillips
96797,292306,Second Italian at Bar
96980,274296,
97005,277964,Tucson Smith
97053,311888,
97496,125835,Ah Wom Bat
97578,67011,
97588,59341,Mr. Combs
97592,200478,Duval
97673,246855,
97947,107987,
97968,188437,Popeye
98000,218376,Father
98129,10341,
98229,143636,Curtis
98593,316898,
98611,363249,Gerald Durham
98651,38022,Bouncer
98785,351476,
98906,46605,Judd Brown
98912,2721,Himself
98916,310262,
98958,371833,Narrator
98982,363249,Herbert Reynolds
99083,345347,Pierre Dubois
99090,276761,
99105,134154,Fashion Photographer
99140,80399,English Teacher
99156,299925,Martin Smith
99168,233829,Bruno Brunoski
99358,42140,Himself/Guitar
99406,308011,Staff Member
99412,362380,Journalist
99637,94976,
99637,282668,Lord Fitzroy
99667,85028,Major Seton
99912,253186,Ralph Mills
99932,95834,Johnny Brown
100021,292306,"Wilfred Hari, Lead Japanese A"
100044,173513,Matt
100165,276433,Broncho Billy
100257,280716,Himself
100417,192814,Le Père
100446,93024,Himself
100567,101444,
100593,226799,Radio announcer
100707,177521,Dr. Couillie
100777,246488,Joranson
100841,314519,J. Crist
101035,252036,Pelléas
101138,96769,Himself
101138,311888,Lieutenant Hurley
101213,298121,Chatfield
101290,189025,Ignacio
101315,109654,Dudley
101514,185162,
101577,304875,The Psychiatrist
102190,363154,Himself
102221,28912,Le mendiant
102350,322016,Loncsár
102660,167911,Chou Wanli
102694,76184,Boris
102809,272616,Judge
102820,81574,
102882,17965,Marcus
102884,201676,Himself
102958,329517,Stanley
103001,127683,Prince Boris
103001,272534,Prince Yousupoff
103082,251434,Mr. Jones
103118,50313,Robins
103118,302003,
103278,121858,Eddie's Ffriend
103328,146416,Himself
103339,296573,Xiao Wang
103862,234154,Nagamatsu
103910,82908,Ross
103944,141499,
103944,220916,Doctor
104025,203303,Hackamore Henderson
104242,174026,Bus Passenger
104242,378122,Piotr Terlecki
104277,67133,
104353,378122,Bandit
104495,106994,
104495,217305,
104495,275846,
104524,351476,
104668,260900,Antonio
104680,308157,Shifty
104699,338344,"Rob, as Joe's Brother"
104820,188825,Luigi
104924,315226,Count Sylvinus
104967,28690,
104983,168765,Henchman
105048,212764,
105341,19686,
105456,24889,
105539,86745,
105800,87191,
106069,28059,Masuko (Episode 3)
106127,277515,Dixieland Band Trumpet Player
106267,277029,
106432,151196,Hobo
106561,370399,Himself
106565,338344,"Joe, the Junkie"
106621,287515,Pizza Guy
106632,36482,
106726,122321,"Brother of the Cloud, General"
106789,141499,
107067,168765,Johnny Yuma
107384,146416,Himself
107664,54514,Captain Jinks
107698,114679,Blue Man
107746,9081,
107746,288679,Mickey
107864,278965,Nettuno
107939,150136,J.D.
108634,160976,Barrier
108952,326356,
108984,284900,Pintor (Painter)
109012,338023,
109019,338023,Ryan Kazinski
109068,207883,Récitant/Narrator
109093,124809,Niko
109213,370615,
109299,164123,
109299,213784,
109299,288245,
109424,58288,
109582,74011,Gordon Anderson
109664,289524,Cooper
109789,106606,Gus
109979,77934,Roger Barry
110072,201719,Himself
110262,290325,
110316,367441,
110406,180339,Himself
110467,260292,Art Student
110569,79612,Randy
110752,251828,Alaric Chichester
110870,207260,Marchal of Turenne
110870,269717,Le médecin-chef
110894,357445,Commander Kuzmin
110900,301175,Xeno
110988,13951,Pleasure Cop
111014,314434,Deputy Tom Gitlin
111207,6082,Giora
111207,302114,Boy
111264,22929,
111330,212344,
111350,219853,Mielero
111393,20968,Narrator (Portuguese Version)
111407,169258,Himself
111469,336070,
111588,246855,
111654,212764,
112020,125394,
112133,12105,
112275,58888,
112288,104888,
112408,199527,
112415,142808,Voice
112581,19658,
112829,86567,
112850,147378,Joven
112961,121858,Street Artist
113149,133397,
113408,125394,
113420,217305,
113500,24889,
113561,134154,Jon Rubin
113664,225929,
113752,156082,Himself
113965,50313,Joe Blake
113965,280363,
114049,378466,
114505,224292,
114576,295040,Marco
114632,215586,
114816,45431,Algernon Week
114900,202895,Dr. Elliot
114953,2321,Dick
114958,318371,Lance
114997,128369,Sidney Duck
115156,148963,Socki Van Bridge
115739,157206,
116146,290029,
116175,191248,Himself
116286,116516,Jack (hitman from Detroit)
116357,145228,
116357,237574,
116366,171384,
116669,83862,
116768,161604,
116794,330405,"(segment ""The Box"")"
116803,269729,
116831,141498,Tom Varney
116831,157206,Joe Murphy
117057,292761,
117550,312646,Quitte
117708,269717,Paolo
117854,331935,George Baker
118068,80399,Sharp Character
118170,375758,
118208,54084,
118282,359482,Dr. Dan Fairchild
118455,308292,Pitchoun
118508,205292,
118563,93024,Himself
118563,245135,David Bards
118662,299747,Himself
118820,150398,Anemian general
118921,225985,Esha's best friend
118923,86745,Rajvir/Rocky
119247,55331,
119254,175740,Interviewer
119414,199430,
119782,116325,
119782,347675,
119872,159326,
120098,320165,
120145,142430,Sir Nigel Lewson
120327,138309,Executive
120700,165070,Narrator
120766,164123,
121247,277401,
121656,172303,
122040,42966,Schaunard
122070,280716,Himself
122139,378559,
122146,377277,Firmin
122156,332633,Pablo
122279,113459,Jack DiNorscio
122315,225281,Kommissar Feldmann
122471,241700,Kid Martin
122594,172463,
122594,217295,
122644,241894,Poleon
122758,169180,
122758,342014,On Street
122786,253186,District Attorney Choate
123135,239068,Detective Norris
123345,241235,
123486,19256,
123541,306312,Slush
123605,191248,Himself
123607,89294,Mickey Mouse
123607,368642,Mickey Mouse
123621,255246,
123707,105968,Direktor JVA
123844,170759,Felix Agung
123858,142424,Irish
124113,204045,
124157,21295,Himself
124166,232668,Kachalov
124553,322486,
124734,285768,
124776,308898,
125290,325329,
125456,122977,Himself - Tenor
125615,276971,
125660,244701,Otto
125710,9658,Himself
125851,79932,Angry Library Guy
125951,276971,
125951,277401,
126075,347341,Burton
126240,73911,Customer #1
126649,223489,Mischa Neugebauer/Polizist Gr
126878,11468,
126911,115650,
126924,301906,
126950,289221,
127098,223659,Himself
127313,335316,Buck Thorpe
127428,107928,Lance
127470,231675,Charles Brown
127485,94213,Dan
127708,275673,Jeff Nelson
127753,104409,
127935,194470,Dr. Leon Wilson/Hugo Strauss
127935,318172,Judge Zanaan Frame
128026,101390,Lunatic
128099,308011,Himself
128137,21446,Zoontje van Rachel en Seward
128340,320556,
128341,325395,Hauptkommissar Bülow
128341,366595,Anthony Nash
128380,79884,Modiste Assistant
128516,231979,
128898,324605,Adjutantti Volkov
128946,32257,
128946,281067,
128946,323562,
128962,235745,
129037,24364,
129124,128369,"Nick, The Bartender"
129285,73482,Construction Worker
129484,221596,Cuspador
129594,304045,Self
129755,352872,
129908,217721,"Adolphe Bellanger, son père"
130232,46605,Harry
130340,20912,Doctor Einstein
130607,10017,
130607,214083,Ed Mack
130607,223951,"Kasha Murti, Swami, Bogus Hin"
130611,108782,
131023,356610,Asian King in Play
131193,203303,Rangey Greer
131307,99918,Wedding Guest
131333,32518,George/Paul/John
131443,257877,Jerry Thompson
131694,150326,Angus the butler
131738,292442,Juan
132020,28992,Un (faux) voyou
132020,70992,Denis
132172,314884,
132253,193746,Popinot
132495,312600,
132506,323825,Charles F. Money
132642,13462,Biel
132846,4198,
132846,213784,
132846,373711,
133009,142240,Prof. Meyer
133031,173020,Docenko
133075,207570,
133182,376214,Galiyev
133926,67011,
133983,315175,
134037,223489,Opa Neugebauer/Briefträger/Na
134399,10017,
134620,259628,Oberleutnant Reichenbach
134673,366595,Trollope
134748,142430,Vernon Foster
134774,13462,Cabré
134774,354272,Himself - Winner: Best Lead A
134959,121582,Tellefsen
134994,325456,Lorenz Kleinhanns
135150,357788,Alokas iivanainen
135331,278917,Cameron
135462,252285,Dustin Farnsworthy
135567,67725,
135716,290313,Himself
135722,361304,Leuan
135841,166036,
135856,116985,Dre Mitchell
135983,25613,
136104,37871,Bill
136106,37871,Walter
136465,112948,
136524,345496,Himself
136623,21372,Himself
136636,101390,
137044,121582,Besetningsmann
137273,265632,Omar
137534,230258,Man on phone
137681,58319,
137727,217227,L'homme
137750,332971,
137757,236421,
137943,318172,Steve Gilders
138120,236681,Alf Sutcliffe
138293,112587,Jeff Bains
138567,108782,
138676,226799,Janitor
138696,66584,Vendor
138745,6478,
139021,67246,Old black servant
139026,67246,Tom Kutchen
139281,105968,Rashid
139417,169833,Yusuke
139677,137808,David
139713,136048,Young Chip
139859,174715,Kenta
140071,29893,Bud
140203,293624,
140270,268549,Himself
140345,348023,
140486,373798,
141000,19260,Alessio
141211,308292,Le comte Symoff
141373,54084,child
141639,333251,Narrator
141909,338262,
141950,158869,Ottone
142019,48176,Le chauffeur de taxi
142132,316879,
142261,93888,Salvador
142270,90928,
142306,193746,Eckstrom
142343,8613,
142570,167625,Himself
142720,150326,The Earl
142732,144637,Derelict
142779,187025,Himself
142873,118731,Himself
143275,231330,Toy Store Manager
143393,276407,Self
143397,218210,Mörder
143399,197409,
143771,275351,
144200,362739,Ralph Spencer
144589,74249,Priest
144824,85542,
144966,120923,Håkan Eriksson
145029,102838,
145050,214126,Velutto
145485,167625,Himself
145569,211322,
145608,314434,Will
145617,54466,Leonardo Davis (Captain Court
145618,319502,
145622,218825,Ned Connors
145672,301621,Maxwell Oliver
145682,68538,Himself
145771,207951,Justice of the Peace
145810,244316,Montano
146031,202266,
146453,330777,
146472,56297,Directeur de Prima
146532,306851,
146774,220049,
147175,217295,
147281,66581,Dr. Gus Williams
147392,110829,Felix
147432,345852,Garvin
147446,342121,Inspector Smith
147489,274846,"Owen Conway, at Twenty-Five"
147566,30668,The Mesmerist
147640,167911,Jin Ming
147747,106994,
147771,192345,
147860,26311,Michael Brauer
147901,84521,Doctor #3
147946,325143,"Black John, village ruler of "
148404,261998,Dr. Vass
148537,239398,Pancho Gomez
148657,213723,
148755,207011,
149127,299483,
149191,104888,
149382,329517,Ballroom Dancers
149606,305176,
149854,253506,Himself
149883,369325,Vater
149935,115912,
150009,185592,Lucard
150130,180339,Himself
150251,273919,Himself
150457,354212,
150589,202031,Brother Nemanja
150604,47839,
150635,20187,
150722,364834,Alexander P. Galloway
150722,370567,"Whitney Mills, R.R. Superinte"
150878,26420,Larry
151073,256862,
151107,292442,
151498,366040,As Himself (Donovan Quick)
151672,143658,
151748,269979,Price
151891,65044,The Christ
151891,367505,Robert Livingston
152110,227704,Mosca
152216,33105,
152519,304185,Journalisten
152558,226332,Charly
152755,247040,Louis
152809,87156,
152957,260454,Himself
153140,56424,Phillip Mortimer
153247,253915,Michael
153446,38205,
153744,190004,Casting Director
154064,345852,Dr. Johnson
154126,108065,Fenton
154130,92556,Professor Hagedorn
154212,108227,
154672,225819,
154952,54466,George Granville
155048,100662,Peppo Briggs
155149,115045,Himself
155201,29542,
155201,315170,
155203,141788,Undetermined Role
155224,41006,Bob
155467,117092,The Tenor
155644,118147,
155692,354272,Himself - Accepting Best Lead
156059,363673,Judge James Morrell
156244,312124,Skomager Tokkerup
156453,319502,Randy Rogers
156649,265279,
156866,241700,Charles Hargreaves
156906,64078,Dancer #1
157005,146010,The grouch
157039,68027,Himself
157298,304172,Antonis Efthimioy
157534,54930,Sam Lawson
157789,94213,
157821,280317,
157865,81615,Pacho
157881,289332,
157955,107987,
157988,312116,
158014,332081,'Bull' Flint
158060,372843,Victor Reymier
158144,138275,Albert Neuenfeld
158175,220573,Nancy Wilson
158185,220573,Billy Cummings Wilson
158199,354074,
158259,59193,Alphonse Washington III
158352,304801,Her Father
158690,742,Himself
158857,333057,Jim Hazen
158895,10550,Himself
158966,235889,Som Imaginário
159047,187529,Bebeto
159149,324385,Kozad
159365,370615,Hill
159402,131928,Charlie Beary
159402,220431,Charlie Beary
159573,147226,Jellinek
159902,174763,
160393,179798,
160590,255246,Losfeld
160691,46686,Warehouse Foreman
160700,289524,Max
160720,265632,Sander
160813,106318,
161007,220724,Monostatos
161112,161604,
161207,3454,Yu Zhiqin
161209,12723,Cheng Haiqing
161344,189025,Francisco
161534,239380,Higa
161548,167480,Tonkichi no Oyaji
161554,179375,Seiji Kano
161618,228378,
161999,234154,Tamura
162197,366566,
162367,179376,
162471,177756,Kinkotsuman/Hydra Gan
162471,316619,
162495,322488,
162497,347675,
162722,312600,Johnny
162833,120847,Nils Stenssøn
163055,250881,Karinyan
163461,26311,
163848,8196,Himself
164045,69472,Himself
164456,323964,Harvey
164510,613,Narrator
164745,325888,Manfred Ottmann
164954,124809,Adamuri
165004,149999,
165004,363151,
165083,337328,The Follower
165193,366566,
165295,58924,
165297,212736,Palakkad Mani Iyer
165504,247915,Allen
165556,94447,Du Haitao
165568,94447,Li Liang
165723,188825,
165886,304080,Biker
166125,80338,Martín
166198,91333,
166255,143688,
166329,135201,Alberto
166400,81615,
166646,246419,
166779,106641,Sheriff
166978,303872,
167027,212630,Salvatore Sanchez
167102,263720,Chevron
167191,173020,Korotkov
167410,27916,Lo
167411,27916,La père de Mathieu
167562,135201,Daniel
167848,72275,
167924,257750,Ryland
168079,148067,
168097,295180,Giacomo
168137,173750,
168173,92074,Rafus
168516,207570,
168783,296768,Medical Examiner
169045,253915,Slightly
169054,81337,Teasure hunter #1
169096,224390,
169239,335320,Co-Pilot
169296,109653,Hendricks
169738,29086,Sheriff
169943,42693,
169951,316619,
170388,177904,Robert Mertens
170394,295180,Ferruccio
170441,111394,Narrator
170489,190004,The star
170681,192238,Reverend
170787,4831,Bretiner sr.
171106,226940,Lord Lovelace
171107,81574,Captain Hawkes
171382,120271,Todd
171382,242044,Chris
171581,229963,
171606,357034,Le père
171685,42966,Colline
171847,275351,
171987,248048,
172042,12532,
172383,230818,
172383,245078,
172526,138309,Randall
172584,125300,
172604,138275,Manfred Lebus
172604,202667,Kuschke
172672,352070,Willy Lackner
172872,145812,
172939,159479,Gaugin
172955,78912,Cedric Constable
173000,53395,Narrator
173078,359933,Man
173607,196235,Cowboy
173748,171234,Steve
173768,330236,Stephen Lee
173844,229104,Herr Simonetti
173974,90928,The Preacher/Zealot
174102,180353,
174286,289870,Taras Platonovich
174289,213950,Dairy Farmer
174464,229104,"Massimo Pagano, als Kind"
174624,76951,Ruffian 3
174981,125300,Ernst Werner Gottschalk
175337,178188,Merson Torrey
175337,301980,Judge
175715,125297,Singer
176325,238529,Himself
176457,5505,Tommy O'Dell
176545,71410,
177077,109782,Arnold Morgan
177214,45640,Jack Palmer
177285,339999,
177638,297093,
178102,145228,
178328,49726,
178768,233771,Reporter
178861,347562,Himself/Dan Conner
179034,239790,Bucket
179122,201954,
179281,290350,Himself - The Mad Russian
179346,193540,Nick Bartaloni
179355,238721,
179380,142424,DiAngelo
179407,372843,Hugh Stanton
179410,18973,Bärtiger Sektenmitglied
179434,287133,
179735,267530,
179787,109653,
180052,212630,Colin Malone
180224,352070,
180301,109782,George Castleman
180387,364933,Erich
180413,309574,Happy Husband
180536,356449,
180694,301299,
180777,139996,Arun Chauhan (Suraj's brother
180842,65493,
180894,91333,
180969,243363,Warrior
180979,258891,
180979,270443,Godhead
181234,29550,Cantor Yeruchim
181350,16887,Richard
181638,79231,
181837,94976,The Duke
181837,195315,Footman
182237,296768,Reverend Hayworth
182388,173739,
182447,49726,
182454,217081,Bernd
182747,305631,Picnicker
182962,68534,Singer
183621,360582,Willie
183877,359211,Narrator
184192,312646,
184281,159171,Marduk
184481,180891,
184481,307162,
184523,26487,
184678,262219,Deda Bartunek
184814,108743,Giovani
184836,147219,
184836,180891,
185021,46662,Tango Heinz
185169,226940,"Cecil, as a child"
185588,151823,
185695,326525,Makar Rvatskyj
185972,302301,
186786,184553,Frits Triddlefitz
187155,112514,
187177,201676,Himself
187294,87191,Aleksej Svorykin
187301,148963,Tutti-Frutti Johnson
187553,248310,
187572,258369,
188292,29548,
188292,136961,
188368,237574,
188680,337328,The Tracker
188691,47839,
188767,295835,Herr Schmid
189010,107827,Sergeant Grun
189242,76709,
189305,376214,Bykov
189550,297093,
189707,362441,Doshe
190090,240951,The Man
190134,65228,Poseidon
190392,57508,Guillaume Féraud
190440,63237,Marc
190696,239243,
190848,25633,
190901,63801,
190901,173422,
190955,118105,
191008,84505,
191013,60649,
191013,217352,
191306,42846,
191800,286654,
191954,50242,Kæmneren
192185,236311,Himself
192310,345532,Himself
192484,246308,Lovre
192565,22040,
193046,9081,
193159,315162,Minister
193248,366882,Shooting Victim
193295,244910,
193441,367505,"Hilda's Father, Andrew Martin"
193463,359201,MacDougal
193506,12428,Himself - Leader of The Bucca
193708,83220,Himself
193730,29256,Dombrowsky
193860,252301,Mr. Bitts
193869,174307,Vilho Tuppurainen
193902,120847,Bjørn
193987,179375,Juzo
193987,239321,Harashima
194164,27665,Syukri
194217,293090,Stick Insect/Chameleon
194348,300763,
194358,233826,Himself
194366,77934,Colonel Jack Forbes
194474,65228,Perseus
194561,214644,
194978,243905,
195000,303582,
195314,230595,Vikas's Father
195884,184553,Grev Axel von Rambow
195905,129007,Antonio
195964,312124,Baron Ebersdorf
196062,309141,Alcina's servants
196157,13951,Mr. Pink
196157,257750,
196291,267025,
196462,274846,District Attorney Ames
196671,44447,
196814,369151,
196817,345678,Edmont de Savigny
196837,47996,Himself
196924,46662,Cassidy
196928,76951,Rowdy
197180,72815,Robert
197511,267484,Mark Healy
197835,173750,
197902,360821,God
198170,238529,Himself
198242,191512,Himself
198529,286708,Raleigh
198596,203147,Joe Coleman
198671,144637,Bill Donovan
198693,69905,Himself
198885,237568,Sergeant O'Malley
199370,310697,Good Speechmaker
199370,362128,Man in School
199795,16328,Gårdejer Mads Madsen
199829,27665,Bakar
199858,357034,Le peintre
199954,338271,Bartender
200135,327719,Hunter
200318,341426,Truck Driver
200399,234895,
200487,106893,
200649,59302,Himself
200649,234455,Himself
200747,316252,Narrator
200808,742,Himself
201040,207860,Marcus Netherby
201040,263266,Stanley
201122,354487,
201299,346200,George
201305,201719,Himself
201530,315648,Himself
201698,301621,Pringle
201994,26420,George Lloyd
202143,125835,Richard Lavender
202310,120791,
202325,65477,The Hawk/mysterious stranger
202325,83594,
202422,339593,David
202786,335729,Cyrus Bumpstead
202817,278917,Jock
202924,324605,Lääkäri
203098,174307,Olavi Torkko
203309,42693,
203339,102227,"Ralf, Ullas Freund (Friend of"
203542,314884,Jeremy Saunders
203587,215586,
203992,40084,Singer
204111,109618,The City Beau
204111,143349,
204280,223951,Charles aka Charlie
204373,75842,Shorty
204468,129850,
204551,354886,Uncle Ed
204610,74305,
204660,346200,Bit Part
205061,333324,
205128,60649,
205128,165144,
205178,105622,Swimmer
205191,349141,Kansakoulunopettaja
205564,109822,
205762,260442,Himself (biologist)
205861,120271,Oscar
206254,148737,
206425,50242,Harry
206542,18973,Peter
206601,141498,Sol Bloom
206698,165418,Jonathon
207036,180386,Kylänmies
207054,174189,MIF trió
207150,54930,Matt Helmsley
207195,350181,First Soldier
207224,75842,Judd Martin
207542,162419,Blair Maitland
207547,327719,Sergeant Brace
207747,239321,
207748,164024,Kamiya Hisataro
207817,102327,Karhu
208114,258818,
208115,222861,Butong
208179,378559,
208428,278893,
208581,283061,Marcello Scalzi
208918,95975,
209160,282276,Tetsuro Muraki
209194,63237,Le père
209372,313,
209415,164024,Ochi
209461,359211,Himself
209873,270443,Isaac
209894,117533,Gustav (and Adolf)
209962,17534,
209982,312415,Chaiman
210393,339040,
210442,16990,Young Gerald Middleton
211173,337664,'Texas' Blanco
211214,45640,
211333,309141,Conductor
211344,48442,
211647,274450,John Bancroft
211694,86397,Oscar
212062,153752,Cohen
212294,330264,
212464,143861,
212789,197409,
212792,44447,
213268,191194,Antti
213427,362521,Speaker
213606,298121,Captain
213803,29256,Hart
214627,322077,
214640,189793,Stefan
215145,283175,
215145,362875,Joey
215387,11468,
215791,290984,Narrator
215888,183340,Himself
216103,239380,Ramen Shop Tenin
216110,66258,Man with paradentosis
216196,324537,
216242,234457,Michal Lary
216696,77357,Serge
216766,286978,
217585,332281,
217712,203645,
217966,49467,
218082,191123,Hung
218082,201867,Himself
218656,171622,
218676,357788,alokas Hakkarainen
218850,61382,
219067,98495,
219383,158869,Lucano
219533,180404,
219556,187033,
219557,165521,
219557,167888,
219791,66258,
219848,239068,Wyndy
220043,173147,Voice
220162,156619,Narrator
220265,53140,Drengen Billy
220313,164079,
220328,165916,"Himself - Mayor, Randers"
220341,355722,Formaggino
220615,198996,
220891,13601,Kihei Ishiyama
220961,280317,
221115,322488,
221403,174189,MIF trió
221647,133397,
221695,58365,
221696,208682,Goro
221773,29542,
221950,173739,
221975,34384,
222054,361783,Sheriff Hardley
222329,34384,
222608,50868,Gappert
222669,129611,
222806,331769,
222921,87344,Various
223149,144497,
223917,375339,
224298,141547,
224734,97848,
224937,359887,
225148,364913,Dr. Georg Wiesel
225149,154284,Himself
225361,119736,Speaker
225718,295835,Frank
225767,201053,Himself (Special Appearance)
225769,288827,
225798,4233,
225815,20357,
226186,54722,
226755,145812,
226932,165521,
226945,63488,
226953,307540,
227013,246308,Ljubo
227087,359153,
227279,226198,
227326,87664,Himself
227701,359588,Soldat allemand I
227703,258666,
227935,205669,
228392,201954,
228714,147226,Pácalt
228751,248048,
228956,339853,Dad
229262,192826,Himself
229413,255385,Dok-bul
229432,308955,
229584,301092,Siegfried
229875,236287,
229946,296573,Zhu Guanghan
230311,227204,Jeong Cheol-min
230319,163679,
230321,81498,
230332,226555,
230405,319142,Philip Dwight
230466,261418,Himself
230525,47418,Mr. McClure
230568,4831,Georg Lammertin
230593,174715,"Göran, Annika's Father"
231020,341426,Tub Cleaner
231087,192190,
231087,195315,The Gardener
231166,22198,
231190,145936,
231294,50440,Wally Wickover
231913,16990,Gerald Middleton
232073,159479,Surgeon
232092,367040,Bill Austin
232253,325143,"Lord Greystoke, Tarzan's uncl"
232694,113556,Himself
232759,55822,Himself
233104,346266,Himself
233471,314685,Ray
233736,249716,
233875,178461,Cemal
234104,106641,Horgan
234263,118094,
234658,24479,Newsman
234774,16632,
234977,189231,Jeong Man-cheol
234980,53288,Zhu Menglong
234984,155126,
235092,100662,"Domenico, a Castle Servant"
235110,238694,Milton and Others
235277,191672,
235277,207152,
235306,252575,
235440,106285,
235448,255385,Silent Man
235468,125297,
235514,144712,Philipp
235615,191194,Spiegelberg
236384,16328,Kommis Søren
236452,10316,Fishenzon
236789,298825,Man Who Takes Hiroko to Fortu
236995,175889,
236995,300302,Mooshikasura
237263,24129,
237520,159990,Louis Doucet
238204,91092,
238505,344945,Okada
238518,63801,
238571,169008,
238902,285900,
239049,58365,
239074,288245,
239094,326872,
239098,230595,Vikas Pande
239174,22040,
239174,164079,
239174,254347,
240342,349360,
240357,178386,
240420,334504,
240587,33826,
240763,239385,
240803,169833,Soichiro Kamizaki
240959,160976,Karioke singer
241074,13601,Hayato Naito
241188,221596,Humador
241423,61457,Heiichiro Okawa
241525,61457,"Tokio, Wakako's brother"
241835,265279,
242479,296893,Texas
243028,235745,
243733,41872,
243877,331769,
244127,181117,
244622,5563,Inspector Angus Blake
244715,25613,
245028,312116,
245064,208215,Milan
245287,199604,Etienne
246104,294587,Kidnapper
246138,326872,
246410,234301,Golova
246892,210048,Christian
247211,261993,On-camera Host
247481,78200,
247557,299014,
247558,299014,
247589,51006,
247589,167888,
247589,285213,
247656,294479,Dong-ho
247717,165090,Hae Ryong
247727,165090,White
247730,163679,
247760,227204,Kwan Hyuk-su
247987,91092,Suneo Honekawa
248006,140036,Psychiatrist
248269,114666,
248329,5505,David O'Dell
248341,194603,Narrator
248453,213950,Man in restaurant
248763,38810,"Jack Cardew, His Son"
249080,175068,Mehmet
249106,318810,Quincy
249113,29086,Bill Henry
249214,142240,Herbert Treusch
249507,234895,
249710,325397,Kommissar Philipp von Burg
249982,282276,Tsutomu Kikuchi
250165,37768,
250241,173147,Voice
250583,59193,Father
251264,181335,
251357,93294,Abraham
251484,159872,Narrator
251484,188973,Narrator
252021,234301,Chub
252132,271355,Alex Saxton
252635,159171,Soviet MP
253739,348023,
253932,350575,
254046,189231,No Sang-gu
255644,33799,
255762,129007,Sebastiano
256106,165818,His father
256405,267383,Sam
256546,318592,
256918,267025,
257695,165818,Tobiás
257855,300302,Lord Shiva
257855,339999,
257982,315351,Son
258851,29663,Eric Westbrook
258917,63410,
258917,155957,
259537,174234,
259690,321971,Carl Ulrik Alsmeden
260304,52445,
260374,298252,Rika Fujio
260506,209432,Narrator
260660,253719,Charlie Palmer
261046,349360,
261155,225972,
261167,354074,
261617,180386,Kylänmies
261758,182435,Narrator
262016,318371,Sugar Valentine
262699,51613,Tito
263275,118731,Himself
263572,362739,James Gwyn
263797,358688,Siegmund
263836,261945,
264002,191123,The Master
264712,114582,Charles
265142,319142,Thomas
265142,360506,Georgie McCarver
265841,278893,
265937,315351,Father
266480,369376,Narrator
266689,20497,Ponytail
267053,69583,Le maire
267085,12532,
267315,247915,Ralph Blaylock
267765,234254,
268118,48442,Kent
268279,69532,
269103,359201,Robin Gray
269396,129850,
269595,21446,
269627,143105,Willard Gordon
270359,28992,Un photographe
271080,13046,
271578,155957,
271647,23318,Narrator
271730,78200,
271792,288180,
271797,123471,
271828,163996,Ho-geun
271945,187033,
271946,163996,Gwang-ho
272014,243905,
272019,258938,
272019,308955,
272161,67133,
272297,168889,Jin-su
272307,288180,
272343,63410,
272343,226555,
273322,208215,
273783,77357,Duc d'Orléans
273783,207260,Vandreuil
274634,191659,
274799,108860,Shtusha-Kutusha
274930,60425,
275015,136961,Fernando
275202,169581,
275243,40641,
275678,187397,Narrator
276210,13547,
276902,112593,
276902,176280,
277113,61824,"Theodore Ainsley, the girls' "
277265,76621,Jerry--Arguing Employee
277519,61992,Bruce
277523,297301,Yu Zhenghai
278282,258794,Krumyn
278432,197473,
278716,106285,
279117,75687,
279349,162419,David Ritchie
279391,364913,Herr Zumpen
279395,269729,Max
279395,309570,
279749,333251,Narrator
280067,87156,
280314,357543,
281035,167404,Jiaxing
281076,12723,Shi Lei
281133,181117,Gena
281219,78912,Captain James Morrison
282151,306862,Professor Beerbum
282649,26487,
282652,137003,Björn
283127,72226,Joe
283435,5904,
283519,233771,Steven
283557,161511,Honorable Cecil Winthrope
283557,163919,Sir Brian
283559,24479,Defense
284819,199604,Hiram Bent
285631,226364,
286106,200455,
286663,187011,
286801,13046,
286879,226364,
287933,187151,Neighbor
288623,97417,
288623,149999,
288623,363151,
288756,337664,Ned 'Dakota' Keegles
288788,32257,
288809,224390,
289084,54722,
289357,98346,
289528,189793,
289569,183917,The Angler
289570,229963,
289604,51033,
290067,192238,Undetermined Role
290121,335729,Rev. Stump
290167,308999,Mr. Reynolds
290261,22840,Myred Face
290261,169180,
290475,187529,Eduardo
290785,72226,Justice of the Peace
291146,5825,The Sheriff
291970,353348,
292074,225702,
292989,96769,Himself
293031,193824,Screwy Squirrel
293499,22929,
294224,225972,
294322,143055,Fred Jane
294360,197,
294450,13733,
294482,79932,Waiter
294501,69532,Roland
295152,361772,Ranger
295741,22198,Anil
295916,187151,Brother
296451,195955,
297828,184085,Himself/Narrator
298006,196688,
299533,35847,
299757,274871,Himself
299816,273483,Himself
300290,113459,Prison Guard #1
301395,58319,
302549,124155,
302994,51613,
303049,13182,
303105,357543,
303322,334378,Thug
303373,160732,Mustakim
303852,45431,King Channing
303871,50868,Customer #2
304747,281220,
304910,68072,Jake
305430,239385,
305797,11923,
306062,147219,
306122,174234,
306734,48730,Bosko
307294,252914,
308453,25462,
309532,114666,
309674,54534,Jack Laird
309674,360506,Monty Garside
309845,145944,
310882,192190,One of the Soldiers
310992,190307,Steven De Koven
311831,231021,Snookums
312010,47659,
312304,140010,
312993,233826,Himself
314286,222861,Dado
314498,227008,Roy Anderson
315359,43023,Fefe
315631,171392,David
316792,148067,
316862,73911,Waiter
316918,260380,Popeye
317286,241943,
318131,67725,
318433,239243,
318503,168448,John/Tarzan
319868,344945,Tadashi Yamao
320168,352466,Amadeus
320219,140438,
320681,357505,
320763,35847,
320972,234452,
320995,324537,
321729,242394,Narrator
321899,22930,
322257,150882,Mr. Manning
322528,312422,
322604,159990,John Wyndham
323176,137808,Steven
323978,255510,
324304,227008,Jesse Tate
324433,141627,"Cpl. Allison, USMC"
324575,299094,"Isono, Minoru"
324824,313,"Yamagami, Hiroyuki"
324914,140438,
324914,370417,
325815,173680,
326063,137003,Amancio
326181,71006,
326219,358688,Hunding
326299,258369,Dr. Drake
326486,271280,Himself
327248,5563,Jarvis
327737,99325,
327863,276433,Store Owner
328015,375758,
328314,239790,Man At Counter
328748,143055,George Moore
329078,272877,
329381,97417,
330143,55486,Himself
330269,340532,
330333,191305,
330342,68534,Himself
330368,281473,
330510,252385,Bruce Victor
330630,341283,
330677,131974,
332033,30668,
333238,118864,Himself
333766,357734,Pozzo
333904,258891,
334190,273759,
334291,72772,Fred Millard
334291,118438,Richard Hardy
334291,365096,Jack
334714,188973,Himself
334861,326224,
335228,299094,"Sakai, Makoto"
335398,41055,
335735,281473,
337193,333057,Ed Larned
337221,329636,
337541,322077,
337550,204630,Mephistopheles
338142,8613,
338431,350575,Meesala Venkaiah
338718,318592,
338957,341283,
339416,36624,
339543,19605,
340087,32573,Donald Duck
340087,89294,Donald Duck
340087,333148,Donald Duck
340483,228378,
341645,258666,
341671,364933,Kurt
341720,127118,Jeremy Foster
342320,234455,
344383,175546,Honoree
345490,33799,
345592,343785,
345942,354183,Robert
347285,85542,
348139,54648,
348181,41872,Fettkloß
348392,246488,"Henry Shoesmith, Jr."
348432,356449,
348507,243560,Jaime
348648,213893,
349156,258818,Narrator
349836,112076,
349952,114735,Husband
349952,362118,
350369,283175,
351239,289221,
351395,150882,Norton
351767,281180,
351989,50440,Bill Lustig
352110,148503,Narrator
352275,210048,Yves Mueller
352873,212419,
352875,170139,
353191,144497,
353385,374467,
354062,161511,Thomas Blake
354370,129611,
354480,11923,
355226,371321,
356307,197,
356439,117248,Ortega
356455,210063,
356670,275846,
357255,246751,Himself
357823,163068,
358574,178386,
359324,161278,Himself
360116,167353,
360625,251588,
360677,310697,George Johnson
360755,213723,
361265,117673,Chris Peterson
361612,125395,
361770,180353,
362678,218639,
362714,258938,
362732,215435,Min-soo
362892,323839,
363480,272619,Voice
363853,4407,
364336,87148,Himself
364615,299614,Jay Bannerjee
364935,231818,Martin
366460,251588,
367546,263266,The King
368456,293116,Himself
369551,359933,
371585,37768,
371951,272195,
372458,169783,
373146,112593,
373146,176280,
373382,209432,Farmer
373756,174763,
374131,358354,Yossel
374425,345347,
374611,217655,Récitant/Narrator
375091,100541,
375182,10996,
375471,292761,
375475,40178,Narrator
375860,243772,
376297,352466,
376584,236421,
376897,115650,
377755,346661,Michel
378285,224688,
379510,320556,
380059,149089,
380291,305964,Slippery Slim
380408,35477,Narrator
380981,220049,
381622,157378,
382380,183340,Special Guest
382929,180404,
382975,72772,Mark Winfield
384099,260567,
385697,53288,Zhu Mengfei
387085,58550,
387382,375339,
387424,234452,
387758,372509,Himself
387852,173214,
388657,82908,Julius
389008,18119,
389008,318890,
389438,4960,
389541,209231,
390044,199430,
391335,24796,
391445,355337,Brother Paul
391470,347083,
391885,112591,Dr. Shaw
392053,281180,
393102,54648,Gen. Belmondo
393928,109822,Father Beauclaire
394922,275934,Narrator
394922,275939,Narrator
395713,274296,Sean
395859,209231,
396320,273483,Himself
397986,300071,
398011,214517,Draconian
399799,218210,Lehrer
399861,117092,Jack
400257,332971,
400350,162645,
400712,104409,
400827,166036,
400936,368486,Narrator
405117,198996,
405331,225819,
407616,358354,Mendel
407793,374467,
411228,214213,
412141,86475,Narrator
413618,122402,Julien Leduc
414783,235997,
415484,111425,Humane Society of the US
415568,298825,Hiroko's Husband
416466,160732,
416989,72722,Chance LaRue
418575,122471,Jimmy Bergman
418641,163068,
419018,126273,Locutor
419416,267383,Joe
420812,89093,
421116,207942,Chyron
422041,8045,
422053,272877,Narrator
422079,126076,
422079,231021,
422282,94749,
425956,207942,Nonaka
426185,117248,The Lumber Merchant
429179,72815,Jack
429606,173214,
429981,214213,
430034,95131,
430103,303582,
430164,183917,
430349,22840,Sack Mennet
430349,109618,Zeke
430349,196040,
430641,33293,
430641,234254,
431107,207883,Récitant/Narrator
431689,42846,Walter
431851,118105,
431851,125345,
433363,296893,Dan Morgan
433861,201529,
433916,340532,
434445,354539,Narrator
435494,16114,Oka
435509,16114,Murata
435559,81498,
435571,153430,
435571,169008,
435571,285213,
435571,285844,
435576,155126,
435576,166783,
435576,285844,
436470,131751,Aaron
436512,98600,Kenichi Shindou
437302,244701,
437302,319771,
438693,8045,
439607,57243,
440566,350295,Sexist drunk
442849,207152,
443387,94749,
444429,114735,Narrator
444429,236121,Narrator
444429,362118,
445687,248310,
445984,7211,Advocat Zimin
447504,353348,
448121,275673,Ron
448264,338422,
452242,277297,Jack Green
452532,71757,George Marshall
454114,201529,
456907,63757,Pinocchio
459444,122093,
459444,370417,
461019,365096,Grady/Millicent
461095,361772,Tom Wilkes
461211,141547,
462856,357734,
463656,55761,
463973,192826,"Himself - Bodyguard, UN"
464347,261339,Krap
464825,98600,Takayuki Mizuno
465054,179376,
465488,310083,
466163,293475,Shinzaburo
466940,254347,
467400,22930,
468629,47903,
470189,257708,Andy Panda
471171,105705,Queen Mary
471173,304172,Artemis Vathis
471455,46686,Edgar MacBeth
471607,130405,Narrator
471986,57243,
472016,286708,Narrator
473450,125345,
473591,236287,
475003,305964,Mustang Pete
475317,323839,
476142,339040,
476864,57925,
477335,243560,Vendedor/Seller
478731,293757,Narrator
480699,151923,
481485,169783,
482066,45309,Randy
482533,256862,
483508,307732,
484188,122093,
485055,350295,Stuart McColl
487552,249716,
488096,45544,
488289,40641,
490681,99962,
491003,55761,
492553,253719,Dubois
493366,199561,
495224,223364,Soldier Hero
496627,118438,Clyde Van Ness
499155,169581,
499788,196241,
499934,67784,
500481,316252,Narrator
501842,47903,Himself
501947,81337,Treasure hunter #2
502798,224029,William Harvey
504858,145944,
506827,181335,Jindrich VIII.
508701,337189,
509175,216470,
509220,260442,Narrator
509220,260454,Narrator
509220,316009,Narrator
509261,137203,Narrator
509325,238721,
512774,241616,
514734,369522,Raj
518296,167835,Manager Fang
518599,315648,Himself
519130,302898,
519131,167835,Zhao Qinghe
520016,60535,Chen Geng
521556,206402,Chick
522563,36624,
523086,293629,
523736,195964,
524221,329636,
525397,319747,
525777,60535,Chiang Kaishek
525978,258794,Khamit
526161,199561,
527648,204344,
527652,56930,
527688,312422,
527974,255510,
528971,274570,Dancer
530845,308999,Nicole Urbain
531564,5706,
532630,98913,Lois Lane
533253,338792,Ellie
534938,169041,
535165,6478,Amiga
536419,214644,
536641,122817,
536784,326356,
536930,350203,Wendy
537376,354487,
539085,310083,
543807,197108,
545168,217081,Mutter de Jong
546334,216470,
548062,235997,
550807,45309,Waitress
553057,47632,Nan Fowler
554300,377899,
555920,86567,
555920,224292,
558845,125395,
560744,93089,
561851,68072,Jake's lover
562433,307162,
562609,224029,Marie Wynn
563256,322498,Herself
566397,24129,
568644,376122,Seller
569391,350203,
571457,225702,
574234,185145,
576397,307732,
576857,58550,
576925,32518,Alison/Rebecca/Delores
577411,370742,
577867,61642,Sarah Preston
578093,154667,Herself
579156,38722,
579289,122817,
579302,371581,
579585,166783,
579623,51006,
582855,210063,
586369,362441,Sarah
591171,204630,
591640,71410,
592821,6940,
593104,126076,
593972,111425,Pit Bull Owner
595927,328878,
601741,318890,
603671,162645,
607579,99325,
609375,280363,
611530,195964,
611872,14673,
615316,16712,
615718,271361,Mrs. May
618997,145083,Herself
623616,278135,
625333,117533,Tekla
626661,69583,La baronne de Courtebise
631387,108860,
634056,15014,
637340,331328,Dancer
638706,131751,Aaron's Mother
639591,315386,Herself
641733,161663,Florence
642111,240951,The Woman
645659,51033,
649366,293475,
649686,209705,
650415,293116,Herself
650469,114986,
651303,143349,
653809,339853,Molly
653848,305176,
655504,106606,Lois
657665,119736,Speaker
658922,144486,Hiawatha
659251,162679,Narrator
664172,4233,
664606,70992,
664989,271903,
665765,327369,
669073,218639,
671124,208682,Keiko
673656,72722,Janey
675146,141627,Sister Angela
676236,84505,
677049,206402,Rose
678505,162452,
686198,299614,Shona
686683,285386,Clairvoyant Medium
688474,347562,Daughter of Obsessed Roseanne
691567,212419,
693059,217655,
694175,35660,Tipper Taylor
694648,204024,Mandy
698595,97848,
700560,368778,
701674,19658,
703010,92387,Herself/Speaker
703423,161663,Klara
703754,127635,
703990,204344,
704821,158505,Herself
706642,166402,
709456,322498,Herself
711609,253831,
714276,245642,
715100,191512,Herself
716434,273575,Herself
720103,330777,
724983,90778,
733749,153430,
736531,297301,Taozhi
737513,89093,
737997,7211,
741272,204024,Grandmother
745562,325329,
746502,41055,
748034,29655,(1983)
748303,112948,
750021,355368,Herself
752043,11079,
752183,107722,Cyklist
758291,141450,
761020,35336,Betty Boop
761020,86908,Betty Boop
761020,306402,Betty Boop
761424,307540,
762075,286654,
766111,167404,Xuehua
766314,144712,Antonia
766600,304045,Self
768699,38722,
772391,300763,
777792,18119,
778405,154667,Herself
778542,86397,L'androïde
781188,125272,Amiga
789759,60804,Woman in Window
795559,371321,
797926,158505,Herself
799144,131928,Bessie Beary
799144,220431,Bessie Beary
799144,297392,Woody
799761,149629,
803960,322486,
804027,83401,Narrator
804470,223364,Hero's Wife
806361,171392,Eve
812023,217227,Le jeune femme
814138,203645,
814218,360909,Amy
815001,86801,
816434,271361,Mrs. McMull
819133,369522,Laurie
822085,19605,
824678,284900,Ella (She)
828060,134580,Woman
833710,141450,
835070,209705,Magdalene
835145,233469,Narrator
836252,123471,
837182,243772,
837941,369325,Lochforscherin
843629,124155,
